Data Medicao,TEMPERATURA MÁXIMA DIÁRIA (°C),VELOCIDADE MÁXIMA DO VENTO(m/s),"VENTO, RAJADA MAXIMA DIÁRIA(m/s)",PRECIPITACAO MÁXIMA(mm),RADIACAO GLOBAL MÁXIMA(Kj/m²)
2008-01-01,30.7,4.5,10.8,0.0,3610.771
2008-01-02,30.6,4.4,8.8,0.0,3167.936
2008-01-03,30.7,5.7,11.4,0.0,3429.173
2008-01-04,30.4,4.8,11.5,0.2,3115.432
2008-01-05,30.4,4.2,10.2,0.0,3456.494
2008-01-06,30.5,4.5,11.7,0.0,3319.773
2008-01-07,30.7,2.9,7.3,0.0,2337.761
2008-01-08,30.9,3.5,8.5,0.0,3353.391
2008-01-09,30.8,3.9,10.8,0.0,3454.305
2008-01-10,30.6,3.7,9.5,0.0,3453.661
2008-01-11,30.5,3.6,9.1,0.0,2633.325
2008-01-12,30.9,3.9,9.7,0.8,3768.267
2008-01-13,29.0,2.9,9.9,7.4,2028.025
2008-01-14,28.0,4.0,9.7,5.4,1962.997
2008-01-15,30.2,2.9,7.8,1.0,3323.527
2008-01-16,29.6,3.5,9.1,6.4,2908.551
2008-01-17,30.3,4.3,9.6,0.2,3588.958
2008-01-18,30.1,4.3,11.2,0.4,3307.843
2008-01-19,30.6,4.5,9.5,0.0,3520.922
2008-01-20,30.8,3.1,6.9,0.0,3593.026
2008-01-21,30.2,2.6,6.9,0.0,3038.233
2008-01-22,30.7,2.9,7.1,0.0,3264.321
2008-01-23,30.7,2.9,6.7,0.8,2973.609
2008-01-24,30.1,3.2,7.9,0.0,1969.781
2008-01-25,31.1,3.8,9.6,0.0,3683.544
2008-01-26,31.0,3.7,9.2,0.0,3436.87
2008-01-27,30.8,4.0,8.7,0.0,3593.25
2008-01-28,31.0,4.3,9.7,0.0,3236.211
2008-01-29,31.4,3.4,8.4,0.2,3517.068
2008-01-30,28.3,2.9,6.6,13.8,2199.581
2008-01-31,30.9,4.1,7.8,0.4,4006.978
2008-02-01,30.5,3.5,7.6,0.0,3418.15
2008-02-02,31.0,3.0,7.4,0.0,3717.359
2008-02-03,30.9,3.6,8.4,0.0,2973.53
2008-02-04,30.6,3.9,9.6,0.0,3509.13
2008-02-05,31.3,3.3,9.3,0.0,3704.46
2008-02-06,31.6,3.8,8.7,0.0,3638.105
2008-02-07,31.3,3.3,7.8,0.0,3182.834
2008-02-08,31.2,3.7,9.5,0.0,3083.502
2008-02-09,31.2,3.8,8.1,0.0,3619.03
2008-02-10,31.3,3.6,7.4,0.0,3494.304
2008-02-11,31.3,3.2,9.0,0.0,3352.919
2008-02-12,31.5,3.7,9.6,0.0,3784.675
2008-02-13,31.0,3.7,10.6,0.6,3505.069
2008-02-14,31.5,4.1,8.4,0.2,3772.097
2008-02-15,31.2,3.1,7.2,0.0,3777.567
2008-02-16,31.1,3.1,9.0,0.2,3313.034
2008-02-17,31.0,3.9,8.4,2.4,2964.306
2008-02-18,30.8,3.9,9.2,14.6,3501.998
2008-02-19,31.1,4.4,9.6,0.0,3651.239
2008-02-20,30.9,4.6,9.4,0.2,3583.433
2008-02-21,31.2,3.4,8.3,0.0,3545.857
2008-02-22,31.6,3.7,8.6,0.0,3774.668
2008-02-23,30.9,2.8,6.7,0.0,2506.315
2008-02-24,31.2,2.8,6.8,0.0,3720.699
2008-02-25,31.3,3.2,10.0,0.0,3815.225
2008-02-26,31.5,4.3,9.3,0.0,3721.164
2008-02-27,32.1,3.7,9.3,0.0,3097.387
2008-02-28,32.0,4.3,9.1,0.0,3677.732
2008-02-29,31.7,3.2,7.3,0.0,3394.793
2008-03-01,31.4,3.3,8.1,0.0,3686.942
2008-03-02,31.8,3.2,8.1,0.0,3658.319
2008-03-03,32.0,4.0,9.0,0.0,3740.602
2008-03-04,31.7,3.2,8.9,0.0,3578.145
2008-03-05,31.5,3.2,7.3,0.0,3497.375
2008-03-06,31.3,3.6,7.8,0.2,3892.952
2008-03-07,32.1,3.7,9.8,0.0,3212.558
2008-03-08,30.6,3.2,10.7,18.8,3722.274
2008-03-09,31.1,3.6,8.7,4.4,3756.565
2008-03-10,31.1,3.1,9.0,0.0,3770.522
2008-03-11,31.4,3.4,8.1,0.0,2936.133
2008-03-12,31.0,2.9,7.2,3.8,3542.948
2008-03-13,31.7,3.0,7.3,0.0,3838.086
2008-03-14,31.3,3.4,8.0,0.0,3776.164
2008-03-15,31.7,3.0,6.8,0.0,3735.248
2008-03-16,31.8,3.3,8.1,0.0,3765.286
2008-03-17,31.1,2.9,7.9,1.8,3792.558
2008-03-18,31.7,3.0,8.5,0.0,3923.216
2008-03-19,31.5,2.9,6.2,1.6,3900.28
2008-03-20,27.6,2.0,8.2,10.0,1832.436
2008-03-21,30.4,2.9,6.4,0.2,3869.274
2008-03-22,30.6,2.7,7.2,8.0,3984.09
2008-03-23,30.7,3.1,7.1,6.6,3186.843
2008-03-24,30.9,2.6,7.4,0.2,3995.482
2008-03-25,30.5,2.9,6.2,0.0,3435.357
2008-03-26,31.3,2.4,6.4,3.8,3691.12
2008-03-27,30.7,2.6,6.5,0.0,3659.739
2008-03-28,30.2,2.6,6.4,5.4,3510.391
2008-03-29,29.0,2.4,6.3,11.4,2550.126
2008-03-30,29.4,3.0,13.4,44.0,2297.007
2008-03-31,28.1,3.7,7.2,6.2,1968.064
2008-04-01,31.0,3.0,7.8,0.0,3962.322
2008-04-02,30.0,2.9,7.4,0.0,3058.898
2008-04-03,30.6,2.5,7.0,0.0,3587.873
2008-04-04,30.8,2.8,6.7,0.0,3650.104
2008-04-05,30.6,2.4,6.5,0.0,2872.526
2008-04-06,30.7,2.5,5.5,0.4,3324.219
2008-04-07,29.8,2.6,9.1,5.2,3714.756
2008-04-08,30.4,2.5,8.0,4.2,2732.82
2008-04-09,29.2,2.7,6.7,13.2,2183.363
2008-04-10,30.5,3.6,8.9,0.0,2858.693
2008-04-11,30.2,3.6,7.4,3.6,3148.861
2008-04-12,30.2,2.5,6.4,0.0,2633.195
2008-04-13,27.1,2.3,6.0,8.6,1285.909
2008-04-14,30.1,2.4,5.2,4.0,3180.246
2008-04-15,29.9,2.5,5.7,5.2,3550.838
2008-04-16,30.5,3.2,14.4,14.6,3237.865
2008-04-17,30.8,3.7,15.8,0.0,3336.291
2008-04-18,31.2,2.8,15.8,1.2,3670.145
2008-04-19,30.5,3.2,8.0,0.8,3332.502
2008-04-20,30.1,3.8,9.7,35.2,3826.604
2008-04-21,30.5,4.8,13.9,1.4,3511.225
2008-04-22,30.5,4.3,10.4,0.4,3499.406
2008-04-23,28.8,3.8,21.3,3.6,1360.919
2008-04-24,31.0,2.5,6.3,0.0,3441.231
2008-04-25,31.0,3.4,9.2,0.6,2832.345
2008-04-26,30.8,3.5,9.1,0.0,3384.852
2008-04-27,27.0,4.0,10.3,21.2,378.472
2008-04-28,30.2,3.2,23.8,8.0,3246.466
2008-04-29,30.9,3.7,8.0,0.4,3131.233
2008-04-30,30.8,3.4,6.9,0.0,3322.444
2008-05-01,27.9,3.7,8.1,10.0,2410.784
2008-05-02,30.1,4.0,9.9,5.4,2937.24
2008-05-03,30.9,3.2,8.2,0.0,3256.631
2008-05-04,31.0,4.2,8.6,0.0,3125.504
2008-05-05,31.9,2.3,5.7,0.2,3100.038
2008-05-06,31.9,3.9,7.7,0.0,2970.286
2008-05-07,29.2,2.1,6.6,16.2,2282.885
2008-05-08,30.9,3.5,7.1,0.0,3263.318
2008-05-09,29.9,3.2,7.9,6.4,3334.471
2008-05-10,29.7,3.8,9.4,2.4,3368.179
2008-05-11,30.0,4.6,10.4,2.4,2916.12
2008-05-12,29.3,5.8,13.3,2.8,2621.937
2008-05-13,28.7,5.3,11.1,1.2,1711.553
2008-05-14,26.4,6.2,11.7,1.8,1817.283
2008-05-15,25.2,3.5,7.4,11.2,781.298
2008-05-16,30.2,3.7,7.4,4.6,3270.926
2008-05-17,30.5,4.1,8.9,0.0,3294.437
2008-05-18,29.5,4.2,8.8,4.6,3318.384
2008-05-19,30.1,3.5,8.2,0.0,3278.423
2008-05-20,29.8,3.7,8.3,0.0,3155.5
2008-05-21,29.4,3.6,7.3,0.0,3114.198
2008-05-22,29.8,3.8,8.8,21.8,3219.155
2008-05-23,29.5,4.1,8.7,0.2,2482.379
2008-05-24,30.3,3.3,7.2,0.2,3005.328
2008-05-25,30.2,4.2,8.5,2.4,3119.32
2008-05-26,30.3,3.4,9.8,8.2,3280.563
2008-05-27,25.8,2.7,7.5,12.4,1081.096
2008-05-28,29.2,5.4,11.3,0.8,3193.23
2008-05-29,29.7,4.3,10.5,0.8,3017.224
2008-05-30,29.6,4.6,10.8,8.0,2475.326
2008-05-31,27.9,5.1,12.4,6.0,2391.596
2008-06-01,28.4,4.4,10.7,1.4,2892.781
2008-06-02,29.5,5.2,12.1,0.0,3076.371
2008-06-03,29.1,4.0,9.1,6.0,3254.814
2008-06-04,25.5,2.0,5.0,4.8,588.28
2008-06-05,29.1,3.7,7.9,0.2,3008.658
2008-06-06,29.3,4.4,10.2,5.2,2893.691
2008-06-07,29.1,5.0,12.4,4.0,3077.739
2008-06-08,27.7,5.2,12.4,9.4,1359.671
2008-06-09,28.7,5.6,13.8,4.0,2486.291
2008-06-10,29.7,3.7,8.7,0.2,3125.401
2008-06-11,29.0,4.6,10.4,0.0,3122.453
2008-06-12,28.9,6.0,12.9,0.2,2367.694
2008-06-13,29.0,5.1,10.8,0.0,3132.439
2008-06-14,27.2,4.7,9.6,5.2,2003.065
2008-06-15,28.3,3.7,8.6,2.6,2842.444
2008-06-16,25.6,4.8,9.7,26.8,2542.656
2008-06-17,26.9,4.6,10.4,7.4,1646.64
2008-06-18,28.6,4.7,9.4,1.0,3131.953
2008-06-19,29.1,4.3,9.0,0.0,3142.411
2008-06-20,28.2,5.9,13.6,1.2,2926.816
2008-06-21,27.5,4.8,11.4,0.2,2568.392
2008-06-22,28.9,4.5,8.9,0.0,2932.817
2008-06-23,29.7,3.9,9.0,0.0,2958.263
2008-06-24,28.4,4.9,10.7,10.4,2944.703
2008-06-25,28.3,4.7,9.9,0.6,3134.414
2008-06-26,28.5,5.4,12.8,1.2,3138.52
2008-06-27,28.9,6.1,14.3,0.8,2674.135
2008-06-28,28.2,4.9,11.8,1.6,2321.932
2008-06-29,27.5,5.2,12.6,5.4,2374.268
2008-06-30,26.2,4.6,13.6,5.4,1730.367
2008-07-01,25.2,3.8,9.9,27.2,781.087
2008-07-02,27.9,5.0,10.4,1.0,2609.624
2008-07-03,27.4,5.7,11.7,1.2,2980.569
2008-07-04,28.0,3.8,8.2,0.8,3068.977
2008-07-05,26.5,4.3,10.6,1.0,1684.453
2008-07-06,28.5,5.0,10.0,5.0,2675.831
2008-07-07,27.4,5.6,11.5,6.0,2524.991
2008-07-08,26.7,5.1,13.2,8.8,2262.292
2008-07-09,27.8,3.9,11.3,4.6,2577.971
2008-07-10,28.1,4.3,10.3,0.6,2495.598
2008-07-11,28.0,5.3,11.2,1.6,2759.262
2008-07-12,28.2,5.8,12.6,1.6,2736.432
2008-07-13,27.9,7.3,14.9,0.0,3000.382
2008-07-14,28.8,5.5,12.4,0.0,2983.692
2008-07-15,26.4,6.2,13.4,7.2,1697.527
2008-07-16,26.7,6.1,13.5,1.4,2618.535
2008-07-17,28.0,4.1,9.7,6.4,3055.923
2008-07-18,28.4,3.9,9.1,0.8,3121.395
2008-07-19,28.4,5.4,10.8,0.0,3165.51
2008-07-20,27.7,4.9,10.9,1.2,2294.67
2008-07-21,27.6,5.4,11.8,2.8,2214.496
2008-07-22,28.2,5.7,11.9,0.0,3201.362
2008-07-23,28.0,6.3,13.0,0.0,3088.339
2008-07-24,28.5,5.5,11.9,0.4,3074.582
2008-07-25,25.5,3.8,8.6,2.6,1375.382
2008-07-26,26.2,4.4,10.7,2.6,2314.307
2008-07-27,28.3,6.8,14.0,0.8,3214.302
2008-07-28,27.8,6.4,14.3,1.4,3008.01
2008-07-29,27.7,5.5,12.4,0.8,2752.998
2008-07-30,27.7,5.3,11.9,1.2,2832.81
2008-07-31,27.5,5.6,12.1,0.2,2986.08
2008-08-01,28.5,5.2,10.1,0.0,3382.922
2008-08-02,28.1,3.2,8.7,14.8,2670.474
2008-08-03,28.8,2.4,6.3,1.8,3448.128
2008-08-04,28.5,3.2,7.5,0.0,2811.608
2008-08-05,28.1,5.7,11.3,0.0,3441.593
2008-08-06,27.2,5.7,10.9,3.4,2279.3
2008-08-07,26.7,4.3,11.0,17.4,1728.771
2008-08-08,27.6,5.4,11.4,5.6,3101.696
2008-08-09,28.5,5.0,10.3,0.0,3368.985
2008-08-10,27.4,5.0,11.2,1.4,2952.355
2008-08-11,27.3,4.9,11.9,15.2,2927.14
2008-08-12,27.9,5.5,11.4,3.0,2964.502
2008-08-13,27.7,4.7,9.5,0.4,3328.618
2008-08-14,28.3,5.5,12.3,0.0,2732.589
2008-08-15,28.5,5.6,11.0,0.6,3214.829
2008-08-16,28.4,4.6,10.6,0.6,3629.088
2008-08-17,27.3,5.9,12.7,7.8,2483.148
2008-08-18,27.7,5.7,12.1,0.0,3457.218
2008-08-19,27.5,4.8,11.7,2.0,3382.115
2008-08-20,28.0,5.9,12.5,1.2,3457.735
2008-08-21,28.1,5.6,11.5,0.0,3088.69
2008-08-22,27.9,5.6,10.7,3.0,3421.135
2008-08-23,28.6,5.4,11.3,0.0,3556.446
2008-08-24,28.2,5.8,12.6,0.0,3426.743
2008-08-25,27.3,6.0,13.4,0.0,2288.513
2008-08-26,27.3,3.4,9.9,1.6,1914.412
2008-08-27,28.4,3.9,8.8,4.2,3426.654
2008-08-28,28.5,5.3,11.0,5.4,3466.949
2008-08-29,27.1,3.5,7.8,6.6,2376.26
2008-08-30,28.1,3.8,8.4,0.8,3500.74
2008-08-31,28.9,3.2,8.4,0.0,3338.58
2008-09-01,28.8,3.5,8.7,0.2,3608.224
2008-09-02,28.4,5.6,10.7,3.2,3543.11
2008-09-03,28.1,5.1,11.2,1.8,3077.608
2008-09-04,27.3,5.7,12.5,12.2,2984.364
2008-09-05,28.4,5.6,11.5,0.2,3613.559
2008-09-06,28.2,5.5,10.4,1.2,3524.975
2008-09-07,28.3,6.1,12.5,2.8,2998.331
2008-09-08,28.3,6.1,13.1,0.0,3016.141
2008-09-09,28.3,5.8,12.6,2.4,3421.094
2008-09-10,27.9,6.1,13.8,1.6,3046.885
2008-09-11,28.6,5.6,11.6,3.2,3352.043
2008-09-12,29.2,5.9,11.1,0.0,3570.169
2008-09-13,28.8,5.1,10.2,0.2,3224.25
2008-09-14,28.8,6.2,12.0,2.2,3485.804
2008-09-15,28.9,4.7,10.9,0.0,2677.378
2008-09-16,28.8,5.7,11.5,0.2,3197.405
2008-09-17,28.7,5.3,12.2,0.2,2903.139
2008-09-18,28.7,5.7,12.6,0.0,3554.875
2008-09-19,29.0,5.3,12.3,0.0,3510.322
2008-09-20,28.9,5.8,12.1,0.0,3622.239
2008-09-21,28.9,5.3,9.9,0.0,3570.189
2008-09-22,28.9,4.4,9.5,0.0,3248.382
2008-09-23,29.5,3.1,8.3,0.0,3610.378
2008-09-24,29.9,3.4,8.3,0.0,3674.788
2008-09-25,29.4,4.8,10.8,0.0,3597.655
2008-09-26,28.7,5.5,12.8,0.0,3346.539
2008-09-27,29.4,4.5,10.2,1.2,3388.123
2008-09-28,28.7,4.2,10.8,0.4,2791.501
2008-09-29,29.6,3.6,9.7,0.2,3347.328
2008-09-30,29.8,5.1,10.8,0.0,3383.728
2008-10-01,29.8,4.9,10.8,0.0,3550.073
2008-10-02,28.9,3.5,8.6,3.4,2892.319
2008-10-03,29.0,4.4,9.7,1.4,2869.82
2008-10-04,29.2,5.8,12.9,0.0,2918.102
2008-10-05,29.2,5.4,10.9,1.0,3264.19
2008-10-06,28.2,5.0,11.1,1.8,3253.608
2008-10-07,28.9,6.2,12.0,0.0,3186.447
2008-10-08,28.5,3.9,9.2,1.2,3066.34
2008-10-09,28.2,4.3,11.1,1.4,3093.528
2008-10-10,28.7,6.9,13.3,0.2,3493.222
2008-10-11,29.2,5.9,12.1,0.8,3416.916
2008-10-12,29.0,4.9,10.8,0.2,3326.677
2008-10-13,29.0,5.8,12.8,1.4,3132.246
2008-10-14,29.1,6.2,13.1,0.4,3132.712
2008-10-15,29.3,4.5,10.1,3.8,3734.914
2008-10-16,28.9,4.9,10.0,0.2,2307.692
2008-10-17,29.7,3.9,8.7,0.0,3559.621
2008-10-18,30.0,3.6,10.0,0.0,3437.522
2008-10-19,29.9,3.4,8.3,0.0,3484.015
2008-10-20,29.8,4.2,10.7,0.0,2871.613
2008-10-21,30.5,5.5,11.7,0.0,3640.615
2008-10-22,29.7,5.2,11.5,3.2,3750.315
2008-10-23,29.5,5.1,11.5,0.0,3218.449
2008-10-24,28.7,5.2,10.8,3.4,3791.824
2008-10-25,29.5,4.8,11.0,0.0,3620.529
2008-10-26,29.4,5.0,11.3,0.0,3280.639
2008-10-27,29.6,4.6,10.1,0.2,3487.855
2008-10-28,29.8,3.2,7.8,0.0,3949.954
2008-10-29,30.1,3.4,8.0,0.0,3045.751
2008-10-30,30.0,4.1,10.4,0.2,3516.868
2008-10-31,30.0,4.2,9.3,0.0,3561.224
2008-11-01,29.9,3.7,8.9,0.0,3152.556
2008-11-02,29.3,4.9,11.4,2.2,3450.586
2008-11-03,29.6,5.4,12.7,1.4,2940.156
2008-11-04,29.9,5.2,10.3,0.0,3403.652
2008-11-05,30.4,3.9,8.1,0.0,3400.653
2008-11-06,30.3,4.8,9.6,0.0,3507.282
2008-11-07,30.3,3.6,8.9,0.0,3258.558
2008-11-08,30.4,3.4,9.5,0.0,3815.294
2008-11-09,30.9,3.3,8.0,0.0,3778.239
2008-11-10,30.0,3.5,7.6,0.0,3854.149
2008-11-11,29.3,2.9,7.5,0.0,2543.301
2008-11-12,29.6,3.0,7.8,0.0,2989.565
2008-11-13,30.4,3.5,9.1,0.0,3590.562
2008-11-14,30.2,3.8,10.0,0.2,3144.604
2008-11-15,30.1,3.2,9.4,0.0,3185.289
2008-11-16,29.5,3.1,8.1,0.0,2752.781
2008-11-17,30.7,3.5,8.7,0.0,3949.81
2008-11-18,29.6,3.6,7.5,0.0,2540.85
2008-11-19,29.7,3.3,8.2,0.0,3597.634
2008-11-20,30.0,3.3,7.9,0.0,3266.451
2008-11-21,29.9,3.3,8.4,0.0,3557.432
2008-11-22,30.3,4.5,10.3,0.0,3614.359
2008-11-23,30.4,4.9,10.6,0.2,3219.851
2008-11-24,30.7,3.6,8.4,0.2,3766.32
2008-11-25,30.1,3.3,8.3,0.4,2571.966
2008-11-26,30.6,3.3,9.5,0.0,2817.716
2008-11-27,30.3,3.3,9.1,0.0,3329.607
2008-11-28,30.6,3.7,8.4,0.0,3620.305
2008-11-29,30.0,3.3,7.8,0.0,2585.402
2008-11-30,30.5,3.2,8.8,0.0,3502.336
2008-12-01,30.4,3.5,7.4,0.0,3688.318
2008-12-02,30.8,3.5,7.8,0.0,3736.858
2008-12-03,30.6,3.6,7.8,0.0,3362.226
2008-12-04,30.8,3.2,7.1,0.0,3631.336
2008-12-05,30.5,3.1,7.3,0.0,3816.322
2008-12-06,30.7,4.1,12.1,0.0,3539.58
2008-12-07,29.4,4.8,9.7,10.4,2835.03
2008-12-08,30.2,3.3,8.5,0.0,3632.845
2008-12-09,28.7,3.0,7.0,4.8,2328.974
2008-12-10,28.6,2.8,7.1,3.2,2686.603
2008-12-11,30.0,3.5,8.6,0.0,3526.237
2008-12-12,29.8,3.3,7.9,1.0,3598.775
2008-12-13,30.3,2.9,7.1,0.0,3660.918
2008-12-14,30.0,3.0,7.5,0.0,3246.3
2008-12-15,30.6,3.2,8.4,0.0,3484.518
2008-12-16,30.2,3.0,7.6,0.0,3998.595
2008-12-17,30.4,3.2,9.2,0.0,3039.995
2008-12-18,30.9,3.8,9.1,0.0,3630.108
2008-12-19,30.2,4.8,10.3,0.0,3276.203
2008-12-20,31.0,3.4,8.8,0.0,2737.284
2008-12-21,30.8,2.9,7.5,0.0,3324.695
2008-12-22,29.8,3.1,7.5,9.2,3617.02
2008-12-23,29.8,3.4,8.5,0.0,2848.728
2008-12-24,30.4,3.2,7.4,0.6,3472.412
2008-12-25,30.6,3.4,8.6,0.0,3584.939
2008-12-26,31.0,2.9,7.3,0.0,3705.267
2008-12-27,30.3,3.7,8.6,2.6,3158.057
2008-12-28,31.2,3.5,9.5,0.0,3097.88
2008-12-29,30.3,3.9,10.2,0.0,2676.038
2008-12-30,29.6,3.9,8.0,0.0,2612.623
2008-12-31,30.9,2.9,8.5,0.0,3321.638
2009-01-01,31.0,3.6,8.6,0.0,3295.92
2009-01-02,30.6,2.7,9.1,0.0,3597.876
2009-01-03,31.2,3.4,7.7,0.0,3673.154
2009-01-04,31.0,3.5,8.4,0.0,3652.934
2009-01-05,31.4,3.1,7.7,0.2,3604.756
2009-01-06,30.9,3.5,8.5,0.0,3453.709
2009-01-07,30.7,3.2,7.5,0.0,3810.251
2009-01-08,30.6,4.0,10.3,0.0,3234.818
2009-01-09,30.4,3.2,8.2,0.0,2644.715
2009-01-10,31.2,4.7,9.7,0.0,3721.199
2009-01-11,30.8,4.5,11.1,0.0,3415.978
2009-01-12,30.9,3.9,9.8,0.4,3770.459
2009-01-13,31.3,5.0,10.7,0.0,3529.132
2009-01-14,30.5,4.2,9.4,0.6,3023.752
2009-01-15,31.1,3.3,9.6,0.0,3468.248
2009-01-16,29.3,3.1,8.0,7.6,1936.1
2009-01-17,30.4,4.3,10.0,0.4,3114.453
2009-01-18,30.6,4.6,9.7,0.0,3697.6
2009-01-19,30.8,2.9,7.5,0.0,3404.038
2009-01-20,30.6,2.9,7.9,0.8,2659.399
2009-01-21,30.3,2.7,6.9,8.0,2857.683
2009-01-22,30.4,2.9,7.3,0.0,3707.004
2009-01-23,30.3,3.4,7.5,0.0,3467.555
2009-01-24,29.9,2.9,7.6,5.2,3688.48
2009-01-25,30.2,2.9,7.5,0.0,3591.061
2009-01-26,31.2,3.0,9.4,0.0,3663.555
2009-01-27,30.9,4.0,9.6,0.0,3166.937
2009-01-28,31.2,5.0,11.7,0.0,3675.485
2009-01-29,30.6,3.4,8.2,2.0,3258.274
2009-01-30,27.3,2.8,6.9,6.2,2095.655
2009-01-31,30.7,3.2,7.0,12.6,3636.01
2009-02-01,30.3,2.8,7.6,2.0,2825.144
2009-02-02,30.3,3.4,8.2,0.2,3171.115
2009-02-03,28.6,2.7,10.8,12.4,1362.828
2009-02-04,29.8,3.3,8.3,2.4,2942.827
2009-02-05,29.1,2.6,7.5,2.4,1824.132
2009-02-06,30.6,3.5,7.5,0.0,3873.659
2009-02-07,30.3,3.3,7.5,0.4,3416.219
2009-02-08,31.1,3.2,7.3,0.0,3226.321
2009-02-09,31.2,4.0,9.1,0.0,3387.475
2009-02-10,31.1,3.7,9.0,7.8,3106.218
2009-02-11,30.4,4.4,9.9,0.6,2981.182
2009-02-12,30.1,3.0,6.7,0.4,2771.633
2009-02-13,30.4,3.2,8.3,1.8,3656.961
2009-02-14,30.6,3.0,8.7,0.0,2938.405
2009-02-15,30.5,4.2,11.0,3.0,3388.016
2009-02-16,30.0,3.3,8.7,0.6,3011.005
2009-02-17,30.8,3.3,8.1,0.0,2996.304
2009-02-18,30.5,2.7,6.3,0.0,3321.558
2009-02-19,31.3,3.6,7.7,0.2,3784.103
2009-02-20,27.2,3.3,7.0,26.8,1355.359
2009-02-21,30.9,2.7,7.6,5.0,3747.916
2009-02-22,27.5,3.5,7.3,41.4,2274.781
2009-02-23,29.2,3.6,12.2,9.6,1583.387
2009-02-24,30.8,4.0,9.6,9.0,3411.121
2009-02-25,30.1,4.4,12.4,2.4,2970.572
2009-02-26,30.5,4.4,8.9,2.6,3720.144
2009-02-27,30.5,3.0,7.7,0.0,3900.766
2009-02-28,28.4,4.8,10.1,4.2,1821.509
2009-03-01,27.8,3.4,8.5,8.0,1263.883
2009-03-02,29.6,2.3,8.0,9.4,3230.751
2009-03-03,30.3,3.1,7.4,15.0,3049.039
2009-03-04,30.5,3.0,7.8,0.0,3513.676
2009-03-05,30.7,3.6,9.9,1.4,3319.521
2009-03-06,30.7,2.6,6.7,0.2,3291.463
2009-03-07,31.1,3.3,7.6,0.0,3568.521
2009-03-08,31.0,3.4,8.0,0.0,2944.51
2009-03-09,30.7,3.4,9.1,0.0,3566.008
2009-03-10,31.0,4.2,10.6,0.0,3840.492
2009-03-11,30.8,3.8,9.6,0.0,3292.579
2009-03-12,31.3,3.7,8.6,0.0,3672.089
2009-03-13,31.8,3.1,7.0,0.0,3761.818
2009-03-14,31.1,3.3,7.6,0.0,3740.964
2009-03-15,31.3,2.9,6.6,0.0,3717.014
2009-03-16,29.9,3.3,9.8,4.6,3527.754
2009-03-17,30.9,2.9,7.4,15.2,3928.525
2009-03-18,31.4,3.0,8.8,0.2,3844.766
2009-03-19,30.6,2.6,7.0,0.2,3821.344
2009-03-20,31.4,3.3,7.3,0.0,3314.744
2009-03-21,31.0,2.7,7.5,0.0,3303.61
2009-03-22,31.2,2.9,7.8,0.0,3527.261
2009-03-23,31.2,2.7,6.8,0.0,3561.372
2009-03-24,31.5,3.0,7.6,0.0,3769.215
2009-03-25,31.5,3.0,7.9,1.0,3221.482
2009-03-26,31.5,3.5,8.7,0.0,3316.66
2009-03-27,31.8,3.5,7.9,0.0,3806.17
2009-03-28,32.0,3.1,6.7,0.0,3619.154
2009-03-29,30.5,3.8,8.6,1.8,3928.828
2009-03-30,31.0,2.9,6.3,1.6,3356.724
2009-03-31,31.4,3.5,8.0,0.0,3499.516
2009-04-01,31.2,3.0,7.0,4.6,3725.849
2009-04-02,31.7,2.8,6.4,0.0,3627.906
2009-04-03,31.6,3.4,8.2,0.4,3733.925
2009-04-04,31.4,2.9,6.2,0.2,3597.452
2009-04-05,32.3,3.8,7.3,0.0,3675.264
2009-04-06,29.3,2.0,5.8,9.6,2330.898
2009-04-07,31.3,2.7,18.5,0.0,3572.289
2009-04-08,31.5,3.3,18.5,1.6,3462.823
2009-04-09,31.5,2.8,7.5,1.2,3490.55
2009-04-10,29.0,3.0,7.2,12.6,1752.738
2009-04-11,30.9,3.0,6.5,0.8,2746.784
2009-04-12,28.9,2.3,5.2,28.2,2535.235
2009-04-13,29.7,2.6,5.9,6.2,2766.29
2009-04-14,29.6,2.6,5.9,18.8,2998.248
2009-04-15,31.0,2.5,6.2,1.0,3569.128
2009-04-16,31.1,3.9,9.1,0.6,3154.593
2009-04-17,31.4,3.3,7.5,2.0,3379.737
2009-04-18,28.3,4.3,9.3,5.8,2380.028
2009-04-19,30.5,4.7,11.0,9.4,3342.737
2009-04-20,29.9,2.7,5.9,27.6,2006.167
2009-04-21,30.8,4.0,7.9,3.2,3460.937
2009-04-22,28.6,2.7,6.5,16.0,1364.245
2009-04-23,30.7,2.8,6.8,23.4,3441.979
2009-04-24,29.5,4.0,8.0,0.2,2002.965
2009-04-25,30.7,2.7,6.3,3.6,3180.573
2009-04-26,31.2,2.9,8.0,1.0,3407.354
2009-04-27,28.8,2.3,7.4,16.2,1601.546
2009-04-28,30.1,2.2,5.1,12.4,3521.801
2009-04-29,29.8,4.2,8.3,5.2,3007.689
2009-04-30,30.0,3.8,8.3,9.0,2958.635
2009-05-01,30.5,3.3,8.1,1.4,3445.005
2009-05-02,30.1,4.4,10.3,5.4,2006.326
2009-05-03,25.3,4.4,9.4,41.0,539.578
2009-05-04,30.3,3.2,7.0,0.0,3192.527
2009-05-05,30.0,2.3,5.1,0.8,2409.554
2009-05-06,30.7,2.6,6.1,5.0,3375.469
2009-05-07,30.8,3.5,6.7,0.0,3069.535
2009-05-08,30.9,3.0,7.8,0.6,2654.759
2009-05-09,30.7,3.7,7.7,3.2,3294.896
2009-05-10,30.8,3.6,8.5,30.0,3222.013
2009-05-11,26.3,2.5,5.1,22.0,799.736
2009-05-12,30.1,2.4,5.2,1.2,3308.66
2009-05-13,30.4,3.2,6.7,3.0,3367.827
2009-05-14,31.0,2.6,5.5,1.2,3420.239
2009-05-15,30.7,2.5,7.8,0.8,3068.718
2009-05-16,27.8,2.7,6.8,13.2,1058.959
2009-05-17,30.5,3.2,7.5,1.8,3286.109
2009-05-18,29.9,4.7,11.0,7.2,2717.525
2009-05-19,29.3,2.9,7.3,8.6,2634.012
2009-05-20,30.2,4.6,9.7,0.2,3251.422
2009-05-21,29.3,2.5,6.8,7.0,2169.648
2009-05-22,27.4,5.5,12.1,10.8,1242.329
2009-05-23,26.5,4.1,8.7,20.2,1539.049
2009-05-24,28.7,3.2,7.3,18.0,1961.753
2009-05-25,30.6,3.3,5.8,2.4,3195.885
2009-05-26,25.6,2.7,6.2,7.2,624.311
2009-05-27,24.9,2.2,5.6,11.4,783.824
2009-05-28,29.3,4.2,8.9,0.0,2949.125
2009-05-29,29.9,3.1,7.1,2.0,2737.104
2009-05-30,29.9,3.4,10.1,1.4,2966.66
2009-05-31,29.7,4.1,9.8,1.0,3318.79
2009-06-01,27.5,2.6,6.0,15.6,1006.713
2009-06-02,30.0,2.9,6.6,1.8,3332.606
2009-06-03,29.4,2.8,6.8,1.2,2915.6
2009-06-04,26.8,4.0,8.9,0.8,1281.673
2009-06-05,29.4,2.9,9.3,3.8,2226.616
2009-06-06,29.6,4.0,9.3,18.2,2649.379
2009-06-07,29.3,3.7,8.7,0.0,2822.996
2009-06-08,29.4,4.8,11.8,1.2,2833.858
2009-06-09,29.4,5.4,11.7,1.2,2862.744
2009-06-10,27.4,3.1,8.1,14.4,1166.361
2009-06-11,29.5,4.2,8.4,2.0,3045.913
2009-06-12,27.9,2.8,6.2,5.8,1823.184
2009-06-13,28.9,4.1,8.9,0.0,2356.733
2009-06-14,27.9,4.3,10.5,4.0,2754.674
2009-06-15,28.9,5.1,10.8,1.0,3047.406
2009-06-16,29.0,5.1,10.7,0.2,2867.232
2009-06-17,29.4,3.4,7.9,0.2,3107.938
2009-06-18,29.5,4.0,9.8,0.6,3092.558
2009-06-19,28.5,5.2,10.4,2.8,2334.893
2009-06-20,29.2,4.8,10.7,15.8,3061.883
2009-06-21,28.8,4.7,10.9,1.2,3074.54
2009-06-22,28.4,4.3,12.1,17.2,2287.107
2009-06-23,29.5,3.2,8.2,1.4,1844.704
2009-06-24,28.6,4.4,9.6,10.8,2038.031
2009-06-25,26.7,4.6,9.6,3.4,1986.909
2009-06-26,29.0,3.6,7.7,4.2,3137.265
2009-06-27,29.7,3.8,9.1,0.0,3069.135
2009-06-28,28.8,3.4,10.0,0.8,3143.59
2009-06-29,28.8,3.4,9.3,3.2,2975.732
2009-06-30,29.1,4.1,9.4,0.0,3104.481
2009-07-01,28.4,3.5,7.5,7.2,2420.643
2009-07-02,28.9,3.9,8.2,6.0,2879.348
2009-07-03,29.1,5.2,11.1,3.2,3055.503
2009-07-04,27.8,4.0,9.4,24.4,1619.763
2009-07-05,28.4,5.1,12.8,3.4,2047.483
2009-07-06,24.4,4.3,10.2,14.4,937.86
2009-07-07,28.2,5.3,10.7,2.8,2813.462
2009-07-08,28.1,4.0,9.1,3.0,2745.56
2009-07-09,28.4,4.9,11.5,1.4,3089.352
2009-07-10,29.3,4.3,10.2,1.4,2720.876
2009-07-11,29.5,3.4,7.6,0.0,3098.835
2009-07-12,28.8,3.6,7.4,5.4,3226.515
2009-07-13,29.0,3.5,9.4,3.4,2700.977
2009-07-14,29.2,3.9,11.2,2.4,3037.782
2009-07-15,28.5,3.5,8.5,2.2,2981.913
2009-07-16,28.1,4.2,10.2,5.6,2859.745
2009-07-17,27.7,5.4,11.7,3.6,2949.684
2009-07-18,25.8,3.3,7.6,8.6,1629.749
2009-07-19,29.1,3.0,7.2,11.6,2904.204
2009-07-20,28.4,3.6,7.8,0.2,2680.794
2009-07-21,26.8,3.3,10.1,5.4,1653.188
2009-07-22,27.9,3.8,9.1,7.2,2447.058
2009-07-23,29.0,3.2,9.2,5.8,3036.775
2009-07-24,28.7,3.3,8.9,0.0,2964.506
2009-07-25,27.4,3.4,9.6,7.8,1875.102
2009-07-26,28.4,5.4,13.3,1.6,3133.353
2009-07-27,28.0,5.3,10.4,0.2,2900.274
2009-07-28,28.7,4.8,10.5,0.0,3272.921
2009-07-29,28.9,3.9,9.4,0.0,3192.465
2009-07-30,28.1,3.9,10.1,1.4,2997.972
2009-07-31,28.9,4.3,9.4,0.4,3167.412
2009-08-01,28.8,4.5,9.0,5.2,2848.645
2009-08-02,28.3,4.6,11.1,2.6,2950.604
2009-08-03,28.7,5.3,10.9,5.2,3196.622
2009-08-04,28.5,4.1,10.3,1.8,2904.332
2009-08-05,27.9,2.7,8.7,7.6,2827.901
2009-08-06,28.5,3.4,8.9,7.4,2758.617
2009-08-07,28.9,4.3,10.4,5.4,2647.128
2009-08-08,28.6,5.2,12.5,0.0,3267.123
2009-08-09,26.7,3.8,8.7,6.6,1554.946
2009-08-10,28.8,5.8,11.2,0.0,3410.301
2009-08-11,28.2,4.5,11.4,0.6,2849.362
2009-08-12,29.1,6.5,12.2,0.2,3375.321
2009-08-13,28.5,5.7,11.5,0.0,2996.266
2009-08-14,28.6,4.5,10.6,0.8,3118.245
2009-08-15,28.8,4.6,9.1,0.8,3300.159
2009-08-16,28.6,5.7,11.7,0.6,3516.837
2009-08-17,29.0,4.3,10.0,0.4,3162.145
2009-08-18,28.7,3.1,6.4,0.0,3592.65
2009-08-19,28.4,2.7,6.6,0.0,3332.01
2009-08-20,28.9,4.9,10.3,4.8,3063.803
2009-08-21,29.1,3.0,7.9,3.2,3187.633
2009-08-22,29.1,3.2,8.3,0.6,3682.872
2009-08-23,28.7,4.7,9.9,1.0,3259.085
2009-08-24,29.2,2.9,6.8,21.2,3425.709
2009-08-25,28.2,3.6,10.4,3.6,3236.345
2009-08-26,28.5,3.9,10.2,6.2,3231.392
2009-08-27,28.6,3.6,8.5,0.0,3545.816
2009-08-28,28.8,4.7,8.9,0.0,3491.071
2009-08-29,29.1,5.7,12.4,0.0,3668.26
2009-08-30,28.6,5.7,11.5,0.0,3527.161
2009-08-31,28.5,5.3,11.6,0.0,3608.199
2009-09-01,29.0,5.3,10.7,0.2,3010.24
2009-09-02,28.8,4.7,9.9,0.4,2808.495
2009-09-03,29.1,3.4,8.3,0.0,2567.682
2009-09-04,29.0,3.4,8.3,0.0,2774.384
2009-09-05,29.2,3.6,9.4,0.0,3363.88
2009-09-06,29.6,3.4,8.5,0.0,3118.196
2009-09-07,29.5,3.0,8.4,0.2,2971.372
2009-09-08,29.6,4.0,11.7,0.0,2899.54
2009-09-09,29.1,4.7,11.4,0.0,2965.409
2009-09-10,29.2,4.2,9.9,0.0,3219.452
2009-09-11,28.6,4.9,11.8,3.0,3207.497
2009-09-12,28.1,3.2,9.9,6.4,2593.755
2009-09-13,29.1,3.4,9.1,0.8,3606.017
2009-09-14,28.7,3.7,7.4,5.2,3034.345
2009-09-15,29.0,3.3,7.7,2.6,2839.292
2009-09-16,28.6,3.2,8.7,0.0,2488.646
2009-09-17,28.8,3.9,9.1,0.0,2790.933
2009-09-18,28.9,3.6,8.2,0.0,2797.706
2009-09-19,29.7,4.1,8.1,0.0,3791.362
2009-09-20,28.2,4.3,7.6,0.2,3608.079
2009-09-21,29.3,2.9,6.6,0.0,3777.774
2009-09-22,29.5,4.6,11.1,0.0,3336.953
2009-09-23,29.1,4.5,9.5,0.0,3203.816
2009-09-24,29.6,2.8,9.2,0.0,3412.948
2009-09-25,29.7,3.9,8.3,0.0,3830.058
2009-09-26,29.5,4.4,9.6,0.0,3607.1
2009-09-27,29.2,5.4,12.5,0.6,3313.83
2009-09-28,28.5,4.5,11.4,1.2,2227.105
2009-09-29,29.3,4.2,9.6,0.0,2767.662
2009-09-30,30.0,3.5,7.9,0.0,3657.667
2009-10-01,29.7,4.5,9.0,0.0,3147.689
2009-10-02,29.4,5.0,11.3,0.0,3767.781
2009-10-03,29.8,3.6,8.7,0.0,3736.679
2009-10-04,29.4,3.4,7.9,0.0,3466.094
2009-10-05,29.5,3.6,7.9,0.0,2895.831
2009-10-06,29.5,3.7,8.0,0.0,2639.768
2009-10-07,29.5,4.0,8.6,0.0,2550.95
2009-10-08,29.6,3.3,8.0,0.2,3888.484
2009-10-09,29.5,3.4,7.6,0.0,3876.896
2009-10-10,29.7,3.6,8.5,0.0,3623.108
2009-10-11,29.7,3.7,8.3,0.0,3074.309
2009-10-12,30.1,3.7,8.5,0.0,3871.067
2009-10-13,30.1,3.5,8.0,0.0,4214.369
2009-10-14,30.9,5.4,9.6,0.0,3760.146
2009-10-15,30.8,3.7,9.8,2.2,3476.959
2009-10-16,30.0,3.1,8.3,0.2,3167.895
2009-10-17,30.4,4.9,10.4,0.0,3235.59
2009-10-18,30.3,3.2,8.0,0.0,3865.886
2009-10-19,30.4,4.0,8.8,0.0,3980.464
2009-10-20,29.9,3.9,8.6,0.0,3648.019
2009-10-21,29.8,3.7,8.1,0.0,3335.35
2009-10-22,30.2,3.6,7.8,0.0,3988.395
2009-10-23,30.1,3.9,8.7,0.0,3755.937
2009-10-24,30.4,3.4,8.5,0.0,3915.385
2009-10-25,30.2,4.0,8.5,1.0,3643.028
2009-10-26,30.3,3.4,8.2,0.0,3787.922
2009-10-27,30.0,4.1,9.1,0.0,3861.598
2009-10-28,30.3,3.4,8.2,0.0,3923.968
2009-10-29,30.2,3.7,8.5,0.0,3791.259
2009-10-30,30.2,3.3,7.9,0.0,3836.152
2009-10-31,30.0,3.8,9.6,0.0,3276.237
2009-11-01,30.8,3.5,9.3,0.0,3517.261
2009-11-02,30.3,3.9,9.5,0.0,3399.805
2009-11-03,30.5,3.5,9.3,0.0,3503.449
2009-11-04,30.3,3.6,8.8,0.0,3165.896
2009-11-05,31.1,4.4,11.4,0.2,3578.18
2009-11-06,30.8,4.5,9.9,0.2,3655.726
2009-11-07,30.8,3.6,9.1,0.2,3833.25
2009-11-08,30.5,3.5,8.5,0.0,3375.924
2009-11-09,30.4,4.0,9.5,0.0,3418.722
2009-11-10,30.2,3.6,8.9,0.0,3771.29
2009-11-11,30.1,3.3,8.6,0.0,3525.454
2009-11-12,30.0,4.7,10.6,0.2,3223.395
2009-11-13,30.9,3.0,7.6,0.8,3812.034
2009-11-14,29.6,3.7,8.4,24.4,3576.011
2009-11-15,30.2,3.7,7.8,0.0,3818.755
2009-11-16,30.0,3.8,7.3,0.0,3486.61
2009-11-17,30.0,4.1,8.9,0.0,3715.859
2009-11-18,30.3,4.3,9.7,0.0,3630.495
2009-11-19,29.9,4.3,9.0,0.0,3242.216
2009-11-20,30.3,3.8,9.8,0.0,3758.581
2009-11-21,30.2,4.3,9.1,0.6,3064.481
2009-11-22,29.5,3.7,9.1,0.0,2860.127
2009-11-23,29.7,3.7,8.7,0.8,3300.259
2009-11-24,30.0,3.6,7.3,0.0,3706.118
2009-11-25,29.8,4.0,8.8,0.0,3513.294
2009-11-26,30.5,3.7,9.6,0.0,3629.826
2009-11-27,30.3,4.0,8.8,0.4,3691.041
2009-11-28,30.4,4.2,10.5,0.2,3257.203
2009-11-29,30.2,3.6,8.1,3.4,3549.608
2009-11-30,29.2,3.6,7.9,0.6,2815.141
2009-12-01,30.0,3.6,8.2,0.0,3543.258
2009-12-02,30.1,3.2,7.9,0.0,3351.85
2009-12-03,29.0,3.1,6.8,2.8,2221.907
2009-12-04,29.8,3.2,8.1,0.0,3523.297
2009-12-05,29.9,3.5,8.0,0.0,3756.447
2009-12-06,30.6,3.5,8.4,0.2,3215.508
2009-12-07,30.5,3.9,9.1,0.0,3197.818
2009-12-08,30.4,3.7,10.4,0.0,3481.922
2009-12-09,30.4,3.2,8.0,0.0,3613.887
2009-12-10,30.3,3.6,8.4,0.0,3110.765
2009-12-11,30.4,3.6,8.4,0.0,2894.277
2009-12-12,29.7,2.9,7.1,0.0,2489.238
2009-12-13,30.1,3.4,7.6,0.0,3644.624
2009-12-14,30.4,3.6,7.5,0.0,3572.396
2009-12-15,30.9,4.6,12.4,0.2,3590.64
2009-12-16,30.8,4.1,9.7,1.0,3603.722
2009-12-17,30.8,3.8,10.7,1.2,3399.688
2009-12-18,29.8,3.5,8.0,3.8,3300.277
2009-12-19,30.9,3.9,8.7,0.2,3007.896
2009-12-20,30.6,4.6,10.2,0.0,2787.654
2009-12-21,30.9,4.2,9.1,0.0,3114.822
2009-12-22,29.5,3.0,7.7,7.6,3039.067
2009-12-23,30.5,3.1,8.6,0.0,3604.232
2009-12-24,30.5,3.1,7.5,0.0,2962.051
2009-12-25,30.0,3.4,7.7,1.4,2259.021
2009-12-26,30.6,2.7,7.4,0.0,3429.011
2009-12-27,30.7,3.4,7.7,0.0,3099.052
2009-12-28,30.6,3.1,8.0,0.0,3071.138
2009-12-29,31.2,3.1,8.5,0.0,3539.753
2009-12-30,30.8,3.2,7.4,0.0,3702.826
2009-12-31,30.8,3.5,8.3,0.0,3681.72
2010-01-01,30.1,3.0,7.4,11.8,3261.464
2010-01-02,29.9,2.7,7.5,0.2,2148.014
2010-01-03,30.4,3.4,8.6,6.6,3829.934
2010-01-04,30.5,3.7,8.7,4.0,3665.206
2010-01-05,30.5,3.7,7.8,0.0,2691.845
2010-01-06,30.4,2.8,7.2,0.0,2956.154
2010-01-07,30.7,2.6,7.5,0.0,3215.725
2010-01-08,31.3,3.2,8.1,0.0,3199.514
2010-01-09,30.2,3.3,7.9,1.8,2266.223
2010-01-10,29.0,2.6,7.0,10.2,1369.915
2010-01-11,29.6,3.4,7.2,0.6,2811.47
2010-01-12,30.3,3.0,7.2,0.2,2876.652
2010-01-13,30.7,2.9,6.8,0.0,3020.764
2010-01-14,30.9,3.1,7.8,0.0,3226.094
2010-01-15,30.9,3.0,7.1,0.0,2875.753
2010-01-16,30.8,3.3,8.0,2.2,3462.908
2010-01-17,27.3,3.7,9.2,5.2,1341.075
2010-01-18,29.8,3.5,8.7,0.8,3592.585
2010-01-19,30.5,3.0,6.9,1.0,3846.1
2010-01-20,28.7,4.4,8.5,6.0,2228.391
2010-01-21,30.5,3.3,7.1,0.2,3834.012
2010-01-22,30.8,3.6,8.4,0.0,3047.795
2010-01-23,30.2,3.4,10.2,0.0,2199.664
2010-01-24,30.9,4.1,9.1,2.2,3637.778
2010-01-25,31.1,3.4,8.2,0.0,3507.513
2010-01-26,31.5,3.1,10.1,0.0,3421.91
2010-01-27,30.8,3.5,10.1,1.0,3212.992
2010-01-28,31.3,3.3,8.3,0.0,3540.142
2010-01-29,31.6,3.5,8.6,1.0,3579.341
2010-01-30,31.2,5.1,11.6,0.2,3538.398
2010-01-31,31.1,3.8,10.1,0.2,3298.639
2010-02-01,31.1,3.9,10.4,2.0,2750.754
2010-02-02,31.0,3.3,8.0,0.0,2637.459
2010-02-03,31.5,4.1,10.2,0.0,3501.312
2010-02-04,31.4,5.1,10.2,0.0,3136.534
2010-02-05,31.6,5.0,10.9,0.0,3494.042
2010-02-06,32.0,3.7,8.4,0.0,3446.684
2010-02-07,32.0,4.1,8.5,0.4,3517.43
2010-02-08,31.8,2.9,7.2,0.0,3544.289
2010-02-09,31.9,3.1,9.6,0.0,3254.494
2010-02-10,30.0,4.1,9.9,2.2,2334.503
2010-02-11,31.3,3.5,8.0,2.2,3775.44
2010-02-12,31.5,3.5,8.4,4.6,3256.827
2010-02-13,31.1,3.2,7.0,0.4,3913.137
2010-02-14,30.6,3.9,8.8,4.2,3474.284
2010-02-15,30.8,3.0,7.3,0.6,2466.568
2010-02-16,31.3,3.1,8.1,1.8,3539.111
2010-02-17,30.6,3.4,8.1,0.0,2396.535
2010-02-18,31.2,3.0,6.8,2.8,2196.944
2010-02-19,31.7,4.7,9.2,1.2,3221.423
2010-02-20,30.9,5.8,11.8,0.2,3183.413
2010-02-21,31.7,5.2,12.0,0.6,3658.391
2010-02-22,29.1,3.4,8.4,5.6,1849.895
2010-02-23,31.0,3.1,6.9,0.0,3259.426
2010-02-24,31.3,3.2,7.9,0.0,3652.99
2010-02-25,32.2,2.9,7.8,0.0,3786.746
2010-02-26,32.1,3.4,8.1,0.0,3722.543
2010-02-27,31.9,3.2,7.6,0.0,3823.626
2010-02-28,31.7,3.1,7.3,0.0,3703.226
2010-03-01,31.6,3.0,7.2,0.0,3798.194
2010-03-02,32.0,3.3,7.4,0.0,3958.372
2010-03-03,31.8,3.0,7.5,0.0,3751.87
2010-03-04,32.3,3.7,8.6,0.0,3931.072
2010-03-05,32.2,3.5,8.0,0.0,3819.145
2010-03-06,32.4,3.3,8.3,0.0,3489.309
2010-03-07,32.0,3.4,7.7,0.0,3869.03
2010-03-08,32.4,3.2,7.8,0.0,3741.477
2010-03-09,32.5,3.1,7.7,0.0,3563.316
2010-03-10,32.3,3.2,7.3,0.0,3784.616
2010-03-11,32.3,3.2,8.1,0.0,3927.728
2010-03-12,32.3,3.7,8.0,0.0,3785.161
2010-03-13,32.3,3.8,7.6,0.0,3729.506
2010-03-14,32.1,3.7,8.6,1.8,3000.444
2010-03-15,32.7,4.8,10.7,0.0,3810.327
2010-03-16,32.0,4.0,10.8,0.0,2823.579
2010-03-17,32.0,3.7,9.4,1.8,3168.912
2010-03-18,32.5,3.0,8.2,0.2,3583.905
2010-03-19,31.8,3.6,8.9,4.4,3786.229
2010-03-20,32.0,2.9,7.8,2.8,2320.929
2010-03-21,31.2,2.8,6.5,1.2,2573.597
2010-03-22,32.1,3.3,7.8,0.0,2738.056
2010-03-23,32.6,4.1,11.1,1.8,3696.908
2010-03-24,31.9,3.8,8.9,0.8,3272.294
2010-03-25,30.8,4.9,12.5,5.4,2653.363
2010-03-26,31.6,3.1,7.0,4.6,3365.407
2010-03-27,31.6,2.9,7.3,0.0,2818.188
2010-03-28,32.5,2.9,8.4,1.2,2881.774
2010-03-29,32.0,3.2,8.7,0.2,3083.596
2010-03-30,32.1,3.2,7.3,1.2,3626.593
2010-03-31,32.4,3.0,7.3,0.4,3194.196
2010-04-01,32.2,3.0,8.3,0.2,3495.035
2010-04-02,33.0,3.1,8.4,0.2,3246.142
2010-04-03,32.5,3.8,9.1,0.0,2942.176
2010-04-04,32.1,4.3,9.8,1.8,3298.239
2010-04-05,32.1,3.5,9.5,3.2,3080.786
2010-04-06,31.7,4.0,9.3,4.6,3393.852
2010-04-07,31.5,2.9,6.8,2.2,3431.493
2010-04-08,32.0,3.4,8.5,0.0,3222.24
2010-04-09,28.7,3.7,7.3,15.0,1380.501
2010-04-10,27.5,2.3,5.9,8.0,1370.243
2010-04-11,30.8,3.1,7.6,0.0,3381.36
2010-04-12,31.7,3.9,9.0,0.0,3552.637
2010-04-13,31.8,3.6,9.1,0.0,3268.495
2010-04-14,31.4,3.8,8.1,1.4,2820.266
2010-04-15,31.3,3.2,8.0,1.4,3034.086
2010-04-16,32.1,3.2,7.8,2.6,3361.936
2010-04-17,30.3,3.4,12.9,7.4,2495.922
2010-04-18,28.6,3.1,8.9,7.2,1436.735
2010-04-19,30.6,5.4,11.9,0.6,3053.362
2010-04-20,31.0,4.6,9.9,1.2,2574.438
2010-04-21,30.3,3.9,8.5,0.0,2190.729
2010-04-22,31.4,4.8,10.7,0.0,3088.383
2010-04-23,31.5,3.7,9.5,1.4,3111.592
2010-04-24,31.7,4.7,11.1,0.4,3621.157
2010-04-25,30.8,4.3,11.9,2.4,3294.872
2010-04-26,31.2,3.9,9.4,0.6,3491.753
2010-04-27,31.1,4.5,9.0,4.0,3297.474
2010-04-28,30.7,4.2,8.7,2.4,3523.845
2010-04-29,31.2,4.2,9.4,0.4,3095.419
2010-04-30,31.4,5.0,11.3,0.0,3474.339
2010-05-01,31.5,4.5,9.4,0.0,3479.772
2010-05-02,31.9,3.4,6.9,0.0,3312.596
2010-05-03,30.6,3.0,8.9,10.6,3283.145
2010-05-04,30.7,3.6,9.3,7.2,3038.636
2010-05-05,30.3,2.9,7.9,5.8,2412.684
2010-05-06,30.6,4.4,9.0,0.0,2910.87
2010-05-07,31.2,5.5,12.9,0.2,3350.454
2010-05-08,30.6,6.5,12.3,0.8,2869.134
2010-05-09,30.7,4.5,9.4,0.0,3451.31
2010-05-10,31.2,3.4,7.9,0.0,3340.017
2010-05-11,32.0,5.2,11.0,0.0,3360.165
2010-05-12,30.8,3.9,9.2,4.4,3041.06
2010-05-13,30.8,3.2,8.1,0.8,3144.559
2010-05-14,31.2,3.7,7.1,0.0,3113.078
2010-05-15,30.9,4.7,10.3,0.0,3053.014
2010-05-16,30.9,3.7,9.7,0.4,3347.824
2010-05-17,30.7,3.9,9.6,1.0,2739.479
2010-05-18,30.6,4.4,9.4,0.0,2908.364
2010-05-19,30.8,4.7,9.9,0.2,3005.545
2010-05-20,30.7,4.0,9.2,0.0,3199.056
2010-05-21,30.7,2.6,6.8,0.0,3072.424
2010-05-22,31.3,3.0,7.1,0.0,3138.909
2010-05-23,31.2,2.5,7.7,0.0,2842.52
2010-05-24,30.6,4.0,9.0,0.6,2968.294
2010-05-25,28.7,4.7,9.6,4.4,2304.466
2010-05-26,30.6,4.1,8.4,0.0,3089.8
2010-05-27,30.9,4.3,10.1,0.0,3231.616
2010-05-28,31.3,4.3,8.7,0.0,3219.876
2010-05-29,31.3,4.3,10.0,0.0,2961.159
2010-05-30,31.0,5.0,10.8,1.0,3198.839
2010-05-31,27.2,2.5,6.2,5.6,1318.414
2010-06-01,30.3,2.7,6.0,0.0,3278.929
2010-06-02,30.8,3.9,8.4,0.8,3097.794
2010-06-03,30.7,4.2,8.6,2.2,3027.196
2010-06-04,28.7,2.3,6.4,30.4,1489.443
2010-06-05,30.9,3.4,8.2,3.4,2108.15
2010-06-06,30.2,2.9,7.1,0.0,3052.542
2010-06-07,30.7,4.6,9.7,0.0,3158.188
2010-06-08,30.0,4.1,9.6,0.6,3101.996
2010-06-09,30.7,4.7,9.3,0.0,3220.734
2010-06-10,29.8,3.7,8.7,5.6,2881.309
2010-06-11,30.4,4.7,10.4,1.6,2912.129
2010-06-12,30.1,4.6,10.9,0.2,3036.155
2010-06-13,28.7,5.2,11.6,18.4,2133.141
2010-06-14,25.2,4.9,10.5,6.4,1334.222
2010-06-15,22.6,2.7,6.6,0.0,-2.155
2010-06-16,29.1,4.2,8.4,1.2,2329.467
2010-06-17,26.9,4.5,11.4,12.2,1632.817
2010-06-18,30.1,2.8,6.7,19.6,2960.004
2010-06-19,30.0,3.4,9.5,0.0,3159.746
2010-06-20,29.8,4.3,9.7,0.0,3025.148
2010-06-21,30.0,2.6,6.2,0.0,2886.497
2010-06-22,30.5,3.2,5.8,0.0,3196.936
2010-06-23,29.7,4.5,10.5,0.4,2984.912
2010-06-24,29.8,5.7,12.2,0.0,3261.264
2010-06-25,29.7,5.3,14.3,0.0,2785.59
2010-06-26,29.9,5.9,12.6,0.0,3141.088
2010-06-27,30.0,3.7,7.9,0.0,3122.384
2010-06-28,27.1,4.4,10.5,0.0,1715.435
2010-06-29,29.4,5.2,13.0,0.0,2820.33
2010-06-30,28.9,4.5,,0.0,1875.802
2010-07-01,,,,,
2010-07-02,27.8,3.4,11.4,0.0,2111.607
2010-07-03,28.9,5.2,11.9,0.0,2585.178
2010-07-04,29.3,5.6,12.2,0.0,3191.417
2010-07-05,29.2,5.6,11.6,0.0,3110.951
2010-07-06,29.1,5.8,12.2,0.2,3195.488
2010-07-07,28.4,4.4,9.5,3.6,2543.36
2010-07-08,28.2,3.8,8.4,0.0,3226.721
2010-07-09,,,,,
2010-07-10,29.1,3.8,8.3,0.0,2690.063
2010-07-11,29.1,4.5,9.1,0.0,2875.47
2010-07-12,29.6,2.6,8.9,0.8,2951.666
2010-07-13,29.2,3.7,9.9,0.4,3147.765
2010-07-14,29.8,3.6,7.8,0.0,2981.044
2010-07-15,29.4,3.8,7.8,0.0,3083.623
2010-07-16,,,,,
2010-07-17,,,,,
2010-07-18,28.7,5.9,12.2,0.0,2935.237
2010-07-19,28.8,4.9,11.3,0.0,3277.099
2010-07-20,28.8,5.4,11.1,0.0,3329.121
2010-07-21,28.7,5.0,11.2,0.4,2480.817
2010-07-22,,,,,
2010-07-23,27.7,5.5,12.1,0.2,2586.858
2010-07-24,27.9,5.4,12.0,0.0,2392.43
2010-07-25,26.2,5.9,11.5,0.0,1769.246
2010-07-26,27.2,4.5,9.7,0.0,2202.446
2010-07-27,28.5,5.1,11.1,0.0,2235.409
2010-07-28,28.8,5.9,11.9,0.2,3179.966
2010-07-29,27.9,5.0,12.1,0.0,3271.201
2010-07-30,28.9,5.0,11.0,0.0,3154.61
2010-07-31,25.5,4.7,11.5,0.0,1758.267
2010-08-01,28.1,5.6,11.3,0.0,3175.437
2010-08-02,26.0,5.4,10.2,0.4,1770.142
2010-08-03,27.9,4.7,9.4,0.0,2820.987
2010-08-04,28.6,5.7,13.6,0.0,3243.284
2010-08-05,26.8,5.6,12.8,0.4,2695.01
2010-08-06,27.4,3.3,7.5,3.0,1660.362
2010-08-07,28.2,2.6,8.2,3.6,3044.71
2010-08-08,29.0,5.1,10.4,0.0,3483.86
2010-08-09,25.1,4.6,9.2,0.6,1586.769
2010-08-10,28.7,5.2,11.9,0.2,3452.789
2010-08-11,27.4,4.8,11.8,0.0,3358.141
2010-08-12,26.3,4.5,9.6,0.2,2195.624
2010-08-13,28.2,5.6,12.6,0.0,3378.272
2010-08-14,28.6,4.5,9.7,0.0,3353.319
2010-08-15,29.0,5.2,10.8,0.0,3515.317
2010-08-16,29.2,4.8,9.4,0.0,3374.335
2010-08-17,28.5,5.5,11.8,4.2,3414.668
2010-08-18,27.2,7.2,16.1,0.4,2817.66
2010-08-19,28.1,6.8,13.6,0.0,3176.595
2010-08-20,28.1,5.7,11.6,0.0,3403.362
2010-08-21,28.1,4.9,11.6,1.0,3003.777
2010-08-22,26.2,5.5,10.2,0.2,2115.526
2010-08-23,27.6,5.5,10.7,0.0,2939.332
2010-08-24,28.1,5.8,12.5,0.0,3184.179
2010-08-25,27.6,4.5,10.3,0.2,3057.891
2010-08-26,28.4,4.5,11.1,0.0,3013.542
2010-08-27,28.1,4.8,10.8,0.0,3389.012
2010-08-28,28.2,5.0,10.3,0.0,3119.058
2010-08-29,27.8,4.7,11.1,0.4,2986.49
2010-08-30,28.5,5.3,11.8,0.0,3480.526
2010-08-31,28.4,5.0,11.2,0.2,3327.77
2010-09-01,28.5,5.8,12.0,0.0,3456.728
2010-09-02,27.9,7.3,13.2,0.0,3127.824
2010-09-03,28.8,5.5,12.3,0.0,3523.08
2010-09-04,26.1,5.9,11.5,1.4,2632.313
2010-09-05,28.2,4.9,10.7,0.0,3768.881
2010-09-06,31.8,4.9,10.9,0.2,3626.203
2010-09-07,28.2,5.4,11.0,1.2,3527.74
2010-09-08,28.1,3.4,10.0,0.6,2558.633
2010-09-09,24.7,3.9,9.8,4.2,1942.836
2010-09-10,27.9,5.9,13.9,0.6,3191.111
2010-09-11,27.9,6.3,14.2,5.6,3374.111
2010-09-12,28.2,5.7,12.1,1.6,3454.908
2010-09-13,28.5,6.2,12.4,0.0,3506.624
2010-09-14,28.8,5.1,11.5,1.4,3207.66
2010-09-15,28.0,5.6,12.1,0.6,3381.65
2010-09-16,28.7,5.0,10.4,0.0,3625.393
2010-09-17,28.5,4.8,10.5,0.4,3614.142
2010-09-18,29.0,4.5,9.8,0.0,3550.173
2010-09-19,27.6,5.7,11.2,2.8,1922.829
2010-09-20,27.9,5.4,11.6,3.4,3145.714
2010-09-21,28.3,5.3,11.8,0.2,3091.992
2010-09-22,28.7,5.6,12.5,0.0,3472.116
2010-09-23,28.9,5.1,11.8,0.2,3638.426
2010-09-24,28.2,4.0,9.4,3.0,3094.747
2010-09-25,28.6,4.1,9.6,0.2,3590.027
2010-09-26,28.7,5.0,11.1,0.0,3196.085
2010-09-27,28.6,5.3,11.2,0.6,3415.241
2010-09-28,28.4,4.0,8.5,1.8,2970.041
2010-09-29,29.3,3.6,8.0,0.0,3585.225
2010-09-30,29.7,3.8,8.7,0.0,3818.028
2010-10-01,29.7,3.1,7.9,0.0,3328.173
2010-10-02,30.3,4.5,9.7,0.0,3662.769
2010-10-03,30.0,4.6,9.8,0.2,3586.414
2010-10-04,29.7,5.8,12.6,0.0,3656.471
2010-10-05,29.3,5.2,12.3,0.0,3637.326
2010-10-06,29.6,4.0,9.0,0.0,3482.908
2010-10-07,29.2,3.8,10.3,0.0,3813.692
2010-10-08,30.5,3.6,9.9,0.2,3641.501
2010-10-09,29.7,3.1,7.3,0.0,3854.352
2010-10-10,30.2,3.3,8.1,1.2,3619.647
2010-10-11,29.5,4.8,10.5,0.0,3207.611
2010-10-12,29.5,4.8,12.0,0.0,2853.254
2010-10-13,29.8,5.1,10.9,0.0,3518.278
2010-10-14,30.2,5.6,13.6,0.2,3345.274
2010-10-15,29.7,6.5,13.1,1.6,3623.804
2010-10-16,29.0,5.5,11.6,0.0,3014.749
2010-10-17,29.9,3.9,9.4,2.8,3319.407
2010-10-18,29.6,3.6,8.0,2.4,3681.362
2010-10-19,29.5,3.4,7.5,0.4,3755.382
2010-10-20,29.6,3.8,8.6,0.0,3898.112
2010-10-21,29.5,3.5,7.6,0.0,3661.462
2010-10-22,29.9,3.0,7.5,0.2,3289.239
2010-10-23,26.8,2.3,6.1,4.6,756.341
2010-10-24,29.0,3.5,7.7,0.0,3384.552
2010-10-25,29.2,3.2,7.7,0.0,2975.915
2010-10-26,29.4,3.6,8.5,0.0,3875.555
2010-10-27,29.1,3.5,8.0,1.4,3012.799
2010-10-28,29.8,3.3,7.7,0.0,3802.437
2010-10-29,29.8,3.5,7.9,0.2,3680.738
2010-10-30,30.1,3.7,8.6,0.0,3476.831
2010-10-31,29.9,3.4,8.3,0.2,3841.392
2010-11-01,30.7,4.1,9.8,0.0,3794.802
2010-11-02,30.3,3.8,9.2,0.0,3675.795
2010-11-03,29.6,3.5,8.0,0.0,2996.631
2010-11-04,30.1,4.2,9.7,0.2,3274.497
2010-11-05,30.5,5.1,10.4,0.0,3131.019
2010-11-06,30.8,3.7,9.0,0.6,3647.795
2010-11-07,30.1,3.8,9.0,0.2,3264.618
2010-11-08,30.4,5.2,11.9,0.0,3572.902
2010-11-09,30.0,5.8,11.8,0.0,3810.007
2010-11-10,30.1,3.7,8.9,0.0,3098.49
2010-11-11,29.6,3.9,9.9,0.8,2994.694
2010-11-12,30.7,4.7,10.2,0.0,3753.424
2010-11-13,30.5,5.1,10.3,1.8,3790.738
2010-11-14,30.2,4.1,9.1,0.0,3412.435
2010-11-15,30.2,4.0,10.4,0.0,3436.691
2010-11-16,30.4,3.5,7.6,0.0,3816.904
2010-11-17,30.3,3.2,8.5,0.0,3906.291
2010-11-18,30.5,3.2,9.4,0.0,3787.401
2010-11-19,30.0,3.6,7.8,0.0,2758.103
2010-11-20,30.8,3.7,8.0,0.0,3913.158
2010-11-21,30.2,3.6,8.7,0.0,3740.433
2010-11-22,30.0,3.8,9.0,0.0,3344.825
2010-11-23,29.5,3.3,8.3,0.0,2545.866
2010-11-24,30.1,3.7,8.2,0.0,3620.822
2010-11-25,30.4,3.7,8.3,0.0,4067.293
2010-11-26,30.3,4.0,8.8,0.0,3363.456
2010-11-27,30.3,3.3,8.0,0.0,3848.758
2010-11-28,30.3,3.9,8.3,0.6,3828.769
2010-11-29,30.8,3.7,8.8,0.0,3197.718
2010-11-30,30.3,4.6,10.9,0.0,3466.825
2010-12-01,30.4,4.6,9.9,0.0,3629.281
2010-12-02,30.5,5.7,12.7,0.0,3455.519
2010-12-03,30.2,4.9,11.1,0.0,3542.769
2010-12-04,30.3,3.8,8.6,0.0,3264.793
2010-12-05,30.7,3.3,7.5,0.0,3116.459
2010-12-06,30.5,3.8,8.1,0.0,3744.872
2010-12-07,30.5,4.0,7.9,0.0,3509.498
2010-12-08,30.8,3.8,8.6,0.0,3358.617
2010-12-09,30.6,5.6,10.7,2.8,3474.349
2010-12-10,29.9,3.9,9.2,3.2,2379.662
2010-12-11,30.6,3.1,7.4,0.4,3601.081
2010-12-12,30.5,3.5,8.7,0.0,3799.752
2010-12-13,30.6,3.4,7.6,0.0,3669.449
2010-12-14,30.6,4.1,8.8,0.4,3480.302
2010-12-15,31.3,4.1,9.2,0.0,3679.3
2010-12-16,30.2,4.9,10.1,3.4,2655.338
2010-12-17,29.9,3.8,9.4,2.6,3345.318
2010-12-18,29.8,4.2,9.9,11.4,3218.821
2010-12-19,29.7,3.5,9.2,0.0,2964.609
2010-12-20,30.5,4.4,9.2,0.0,3360.237
2010-12-21,29.7,3.9,9.8,2.0,3358.841
2010-12-22,29.5,5.0,10.9,2.0,2703.186
2010-12-23,29.9,4.4,9.9,0.0,2804.548
2010-12-24,30.0,3.2,7.4,0.0,2712.024
2010-12-25,30.4,3.6,8.4,0.0,3594.922
2010-12-26,30.6,3.9,9.2,0.0,3326.901
2010-12-27,30.4,3.3,8.5,0.0,3548.449
2010-12-28,30.9,3.3,7.6,0.0,3863.366
2010-12-29,30.2,3.2,7.4,0.0,3764.062
2010-12-30,30.1,3.4,8.2,1.0,3444.212
2010-12-31,30.1,3.2,7.8,0.0,3415.802
2011-01-01,30.4,3.9,10.1,1.0,3025.728
2011-01-02,30.6,3.9,9.1,0.0,3245.421
2011-01-03,31.2,3.1,8.8,0.2,3441.058
2011-01-04,30.0,3.9,9.9,2.0,2915.362
2011-01-05,30.9,3.9,10.8,0.0,3649.518
2011-01-06,29.0,5.0,11.0,12.4,2333.865
2011-01-07,30.0,5.1,10.8,0.0,3681.052
2011-01-08,30.4,4.5,9.7,0.0,3588.455
2011-01-09,30.3,4.2,8.1,0.0,3480.682
2011-01-10,29.9,3.9,9.0,1.2,3045.158
2011-01-11,30.4,3.0,8.0,2.8,3127.989
2011-01-12,30.0,3.1,8.4,1.0,3330.021
2011-01-13,29.8,3.7,9.3,3.0,3615.055
2011-01-14,30.0,4.3,9.8,0.0,2991.034
2011-01-15,30.0,3.4,7.7,0.0,3735.61
2011-01-16,30.7,3.4,8.4,0.0,3618.044
2011-01-17,30.5,3.7,8.6,0.0,3052.359
2011-01-18,31.2,3.8,9.7,0.0,3688.828
2011-01-19,30.7,3.8,8.7,0.0,2960.514
2011-01-20,29.6,2.4,7.4,33.2,2911.701
2011-01-21,30.0,3.2,8.3,0.4,3366.828
2011-01-22,28.9,2.6,6.7,8.6,2706.343
2011-01-23,29.1,3.1,8.5,7.6,2715.044
2011-01-24,29.0,3.3,6.4,2.2,1714.466
2011-01-25,29.3,2.7,5.6,0.2,3327.79
2011-01-26,30.6,4.3,9.6,0.0,3887.274
2011-01-27,29.8,5.1,9.8,0.8,3228.628
2011-01-28,30.2,3.2,8.7,0.8,3764.469
2011-01-29,30.4,4.2,8.4,0.0,3605.735
2011-01-30,30.5,3.8,8.3,0.0,2959.78
2011-01-31,30.7,3.4,7.5,0.2,3726.569
2011-02-01,30.3,3.7,9.2,1.4,3250.481
2011-02-02,31.1,4.0,8.6,0.0,3281.942
2011-02-03,30.2,4.0,9.3,3.6,3436.374
2011-02-04,30.5,3.3,8.6,0.0,3647.857
2011-02-05,30.2,3.7,8.5,1.6,3187.481
2011-02-06,31.2,4.2,8.7,0.4,3225.66
2011-02-07,30.9,4.6,11.3,0.0,3744.424
2011-02-08,31.2,4.1,9.4,0.0,3876.613
2011-02-09,31.0,3.8,8.6,0.2,3733.001
2011-02-10,31.0,4.6,9.5,0.0,2940.38
2011-02-11,31.0,4.5,10.3,0.0,3150.533
2011-02-12,31.1,3.6,9.1,0.6,3269.271
2011-02-13,28.6,2.8,6.2,31.0,2632.33
2011-02-14,30.3,3.0,8.3,6.0,3820.596
2011-02-15,30.5,4.1,10.1,0.2,3427.505
2011-02-16,30.5,3.7,8.4,0.2,2942.11
2011-02-17,30.3,3.5,8.4,0.8,3466.187
2011-02-18,29.9,3.0,8.1,0.4,3898.394
2011-02-19,30.3,3.0,7.4,0.0,3331.961
2011-02-20,27.2,3.8,7.7,0.6,983.777
2011-02-21,30.4,3.3,8.2,0.2,3621.791
2011-02-22,30.6,3.1,7.6,0.2,3766.968
2011-02-23,30.3,3.3,7.8,0.2,3036.179
2011-02-24,30.6,2.4,6.4,0.2,3438.346
2011-02-25,31.2,3.3,6.9,0.0,3197.46
2011-02-26,30.0,3.1,7.5,0.2,3647.388
2011-02-27,30.0,3.4,8.1,0.2,2792.942
2011-02-28,31.0,2.9,7.4,0.0,3963.015
2011-03-01,30.0,3.6,7.4,0.2,3613.631
2011-03-02,30.1,3.2,7.5,0.0,3907.787
2011-03-03,30.4,2.8,7.6,0.0,2799.553
2011-03-04,30.8,3.5,7.6,0.0,3771.973
2011-03-05,30.7,3.1,7.1,0.6,3901.404
2011-03-06,30.8,2.9,6.8,0.0,3212.127
2011-03-07,31.3,3.4,7.2,0.2,3789.959
2011-03-08,30.7,3.7,8.9,3.6,3503.332
2011-03-09,29.2,3.8,10.4,18.8,2327.475
2011-03-10,30.8,3.6,8.5,0.4,3441.772
2011-03-11,30.7,3.4,8.6,4.2,3292.276
2011-03-12,31.0,3.5,8.0,0.0,3677.118
2011-03-13,30.4,2.9,7.1,0.0,3805.433
2011-03-14,30.9,3.4,6.7,0.0,3824.184
2011-03-15,30.1,3.0,8.1,18.2,3664.385
2011-03-16,30.8,2.6,6.1,0.0,3764.806
2011-03-17,30.8,2.7,7.0,0.0,3884.341
2011-03-18,30.9,3.0,7.2,0.0,4357.35
2011-03-19,30.8,3.1,7.1,0.0,3816.442
2011-03-20,31.3,3.2,6.7,0.0,3758.974
2011-03-21,31.1,3.7,8.6,0.4,3329.193
2011-03-22,31.6,3.4,6.6,0.0,3787.588
2011-03-23,31.6,2.6,6.5,1.6,3861.693
2011-03-24,30.6,3.5,8.2,3.0,4383.104
2011-03-25,30.6,2.3,5.6,0.0,2587.491
2011-03-26,30.5,2.9,7.5,5.8,3909.852
2011-03-27,30.9,4.0,9.6,13.6,3062.91
2011-03-28,31.4,3.2,8.9,0.0,3643.276
2011-03-29,31.1,3.2,9.5,1.2,3100.313
2011-03-30,30.9,3.2,8.0,1.4,4866.596
2011-03-31,30.8,2.8,8.8,0.8,3859.409
2011-04-01,31.4,3.4,7.2,0.0,4800.925
2011-04-02,31.0,3.3,8.1,3.2,3835.721
2011-04-03,30.1,2.9,7.6,4.4,4552.624
2011-04-04,30.9,3.1,8.0,4.4,3228.586
2011-04-05,31.0,3.5,8.5,4.6,2561.529
2011-04-06,31.1,2.8,6.5,0.0,3967.557
2011-04-07,31.0,5.5,13.7,0.0,4599.587
2011-04-08,30.5,2.6,6.6,4.8,3092.72
2011-04-09,27.6,2.1,6.7,24.6,1465.28
2011-04-10,27.6,4.2,8.7,3.2,1316.847
2011-04-11,29.3,3.9,9.9,4.8,4714.985
2011-04-12,27.7,2.7,6.9,40.8,1178.649
2011-04-13,28.6,3.1,8.2,14.2,3432.335
2011-04-14,30.2,4.3,11.5,3.2,3883.561
2011-04-15,30.1,3.0,7.0,2.0,4693.756
2011-04-16,30.4,3.5,7.6,0.0,3701.924
2011-04-17,30.0,4.1,10.9,14.8,4804.265
2011-04-18,28.5,2.9,7.6,6.0,2511.457
2011-04-19,25.0,4.2,8.7,7.8,1151.785
2011-04-20,29.9,4.0,10.2,1.8,3611.063
2011-04-21,28.3,2.0,5.8,8.6,2885.018
2011-04-22,29.7,4.3,9.8,0.0,4813.069
2011-04-23,29.0,3.6,9.0,4.0,3445.523
2011-04-24,29.3,4.2,9.5,3.2,3084.472
2011-04-25,30.3,4.8,11.8,0.6,3505.672
2011-04-26,29.9,4.2,10.0,8.0,3636.388
2011-04-27,29.6,4.2,9.7,0.0,2502.976
2011-04-28,30.8,2.7,7.3,0.0,2992.805
2011-04-29,29.7,2.9,6.3,2.6,4767.885
2011-04-30,29.7,2.0,4.9,2.6,2809.509
2011-05-01,29.9,3.1,8.8,7.6,4789.002
2011-05-02,28.2,2.2,6.0,2.8,2532.61
2011-05-03,26.3,2.1,9.6,27.6,1145.108
2011-05-04,28.7,3.0,8.0,2.2,4172.315
2011-05-05,29.6,3.4,10.7,3.8,3211.62
2011-05-06,29.9,4.3,10.0,2.8,4825.943
2011-05-07,29.1,4.5,8.6,1.6,4594.407
2011-05-08,28.7,5.6,12.6,0.0,3761.624
2011-05-09,27.6,2.9,9.5,4.4,2694.088
2011-05-10,29.5,5.0,10.7,2.6,3314.016
2011-05-11,29.0,4.5,11.0,2.0,4341.148
2011-05-12,29.3,4.5,11.5,0.0,3712.747
2011-05-13,30.4,5.0,9.2,0.0,4590.954
2011-05-14,28.0,4.0,10.1,2.4,2631.966
2011-05-15,26.1,3.5,7.3,6.6,1745.174
2011-05-16,29.2,3.3,7.0,0.0,2976.856
2011-05-17,29.4,2.7,6.5,0.0,4427.919
2011-05-18,30.2,4.0,10.4,2.2,3181.014
2011-05-19,28.6,4.8,9.7,11.2,3600.057
2011-05-20,29.0,4.2,10.6,14.4,4802.738
2011-05-21,29.4,5.2,12.4,0.2,2510.648
2011-05-22,29.6,5.0,9.5,0.2,3495.685
2011-05-23,29.1,3.8,9.2,3.2,2503.116
2011-05-24,30.0,4.6,10.1,5.0,4529.001
2011-05-25,29.2,5.1,10.7,3.0,3476.998
2011-05-26,29.6,5.1,11.4,1.0,2977.428
2011-05-27,29.7,4.3,10.7,0.0,3194.316
2011-05-28,29.7,4.5,9.8,0.2,3121.471
2011-05-29,29.0,4.3,10.3,3.4,3005.343
2011-05-30,29.8,4.4,9.0,3.4,3463.697
2011-05-31,29.2,4.9,11.6,0.2,3124.394
2011-06-01,29.2,5.1,11.4,0.8,4351.29
2011-06-02,29.2,5.0,10.6,0.4,4355.903
2011-06-03,29.6,4.9,10.5,0.0,4026.806
2011-06-04,28.7,3.3,11.2,12.8,3297.254
2011-06-05,28.3,3.9,8.5,0.2,3247.3
2011-06-06,28.0,4.0,9.6,5.4,4464.619
2011-06-07,29.1,4.9,12.8,2.0,1687.211
2011-06-08,28.2,4.4,10.5,0.8,3669.762
2011-06-09,26.2,5.0,11.5,3.2,1324.79
2011-06-10,29.4,2.6,6.4,0.0,4746.96
2011-06-11,28.9,3.9,7.8,12.4,3619.505
2011-06-12,28.3,5.4,11.6,9.0,4842.748
2011-06-13,29.0,5.0,9.9,0.0,3210.757
2011-06-14,29.2,4.9,11.9,0.0,3769.108
2011-06-15,29.0,6.1,14.4,0.0,3676.609
2011-06-16,25.5,3.8,8.6,6.8,2646.071
2011-06-17,28.7,3.6,7.9,3.0,3628.195
2011-06-18,29.1,4.1,10.4,0.2,4473.799
2011-06-19,28.1,4.6,10.1,6.6,3563.816
2011-06-20,28.9,4.6,10.0,0.0,3676.611
2011-06-21,28.5,2.8,7.0,9.4,3826.728
2011-06-22,27.8,3.3,6.9,10.2,2827.28
2011-06-23,29.3,3.7,8.5,0.0,3344.15
2011-06-24,27.3,4.3,9.1,0.0,1617.147
2011-06-25,27.7,4.5,10.3,0.0,2494.636
2011-06-26,28.5,4.4,9.8,0.2,4301.381
2011-06-27,29.1,3.8,7.9,2.0,2040.606
2011-06-28,28.0,3.5,8.0,1.4,3747.271
2011-06-29,26.0,3.4,8.1,14.0,1726.83
2011-06-30,28.4,5.5,11.8,1.4,4347.187
2011-07-01,28.3,4.9,10.3,0.4,3197.594
2011-07-02,25.0,5.3,11.6,5.6,3019.341
2011-07-03,27.9,5.9,12.7,1.0,2830.77
2011-07-04,28.7,4.6,9.2,0.0,4840.36
2011-07-05,24.8,3.5,8.4,8.0,2037.346
2011-07-06,27.8,4.0,7.6,4.8,3387.657
2011-07-07,27.5,2.4,5.7,11.4,1833.253
2011-07-08,28.8,3.6,7.6,0.8,3967.845
2011-07-09,28.4,4.6,11.1,0.4,4141.193
2011-07-10,28.7,5.5,13.6,1.4,3161.563
2011-07-11,26.5,3.7,11.6,3.8,2480.595
2011-07-12,24.8,3.8,11.6,12.0,1452.878
2011-07-13,27.8,4.5,11.4,2.8,4306.897
2011-07-14,28.5,5.2,12.1,0.6,2653.515
2011-07-15,27.1,3.8,10.8,18.4,4238.686
2011-07-16,24.9,2.1,4.5,8.0,2141.841
2011-07-17,23.8,5.5,11.6,9.0,1498.712
2011-07-18,27.4,4.3,11.3,0.2,4082.831
2011-07-19,26.6,5.0,9.6,0.8,3811.848
2011-07-20,27.4,4.6,10.3,0.0,4464.437
2011-07-21,28.7,5.1,10.5,0.0,3479.271
2011-07-22,28.6,5.5,13.1,0.0,4309.759
2011-07-23,28.8,5.3,11.6,0.0,3286.475
2011-07-24,28.2,5.3,12.7,0.2,4487.528
2011-07-25,28.4,5.9,13.9,0.2,4875.631
2011-07-26,28.0,6.0,12.4,0.2,4878.213
2011-07-27,26.5,4.4,13.1,3.8,4783.821
2011-07-28,28.1,4.3,10.3,1.2,3200.513
2011-07-29,28.7,4.5,11.0,0.0,4664.465
2011-07-30,28.5,2.5,7.3,0.4,3578.461
2011-07-31,27.9,3.6,8.4,6.4,2648.493
2011-08-01,28.4,4.5,9.0,1.8,4427.614
2011-08-02,28.4,3.8,8.0,0.0,4472.202
2011-08-03,28.8,2.6,6.1,0.2,3589.828
2011-08-04,28.9,3.1,6.7,0.0,4673.202
2011-08-05,29.1,3.8,9.4,0.0,4884.305
2011-08-06,28.4,5.2,13.0,0.2,4784.199
2011-08-07,28.8,6.2,12.5,0.0,4083.084
2011-08-08,26.8,5.5,11.8,3.0,3729.135
2011-08-09,27.2,4.2,11.3,2.8,3846.713
2011-08-10,28.3,5.3,11.6,0.0,4349.077
2011-08-11,28.9,3.6,8.2,0.0,4597.148
2011-08-12,28.2,5.0,11.9,0.2,4154.103
2011-08-13,26.8,4.8,10.6,1.8,3913.045
2011-08-14,25.4,4.7,10.7,4.6,2977.525
2011-08-15,27.8,5.8,12.5,0.6,4158.943
2011-08-16,27.9,5.1,12.6,7.2,4673.703
2011-08-17,28.4,4.6,9.9,5.8,4660.09
2011-08-18,27.7,4.3,9.9,8.4,4717.262
2011-08-19,27.9,4.3,10.2,0.6,3957.705
2011-08-20,28.5,4.5,10.0,0.0,3338.19
2011-08-21,29.0,3.6,7.6,0.6,3266.544
2011-08-22,27.5,2.2,7.1,2.8,3907.821
2011-08-23,28.4,3.3,8.7,0.4,3827.786
2011-08-24,28.4,4.9,10.5,0.0,4382.947
2011-08-25,27.2,3.3,8.1,2.6,3300.785
2011-08-26,28.2,4.5,9.3,5.2,4234.895
2011-08-27,28.3,4.7,10.3,0.0,4837.858
2011-08-28,29.0,5.4,12.3,0.2,4706.479
2011-08-29,28.6,4.7,10.6,2.8,2330.467
2011-08-30,28.6,5.1,10.1,0.0,3435.023
2011-08-31,28.3,5.3,12.4,0.0,3020.305
2011-09-01,28.5,5.1,10.7,0.0,3315.922
2011-09-02,28.8,5.5,11.2,0.2,3335.691
2011-09-03,29.1,6.2,14.0,0.2,3047.292
2011-09-04,28.1,6.0,14.1,1.0,2998.538
2011-09-05,28.4,6.0,14.8,0.8,3349.748
2011-09-06,28.3,5.8,13.0,0.0,3611.667
2011-09-07,28.1,5.1,11.0,0.0,3172.104
2011-09-08,28.3,5.8,11.3,0.2,3571.734
2011-09-09,28.6,4.5,10.4,0.2,3537.939
2011-09-10,28.7,4.6,10.3,0.4,3380.295
2011-09-11,29.3,4.5,11.3,2.0,3448.363
2011-09-12,28.6,5.9,12.9,0.2,3350.068
2011-09-13,28.3,5.6,12.3,0.0,2621.775
2011-09-14,29.0,5.2,11.1,0.2,3501.874
2011-09-15,28.3,5.7,13.8,4.6,3095.788
2011-09-16,28.2,5.7,12.3,0.2,3071.41
2011-09-17,28.5,6.1,14.0,1.0,3445.453
2011-09-18,28.1,6.5,15.6,1.4,3565.488
2011-09-19,27.9,6.3,13.4,2.2,3134.163
2011-09-20,27.7,6.2,15.0,0.0,3667.512
2011-09-21,28.2,5.7,11.4,0.0,3274.559
2011-09-22,28.4,5.5,12.3,0.0,2743.268
2011-09-23,29.2,5.5,12.2,0.4,2951.907
2011-09-24,29.6,4.9,10.0,0.2,3498.178
2011-09-25,29.7,5.1,11.6,0.0,3657.278
2011-09-26,28.9,5.7,12.8,0.2,3147.341
2011-09-27,29.3,4.4,10.3,0.0,3491.926
2011-09-28,29.1,4.9,10.6,0.0,3407.995
2011-09-29,29.2,5.8,12.0,0.0,3726.721
2011-09-30,28.7,4.8,11.6,0.2,2854.991
2011-10-01,28.8,4.6,10.6,0.0,3132.681
2011-10-02,28.8,4.6,11.7,2.2,3311.49
2011-10-03,29.8,3.5,8.6,0.0,3514.845
2011-10-04,28.9,4.3,9.9,0.6,2673.407
2011-10-05,29.7,5.1,12.0,0.2,3382.129
2011-10-06,29.6,4.8,11.4,0.6,3823.764
2011-10-07,29.9,5.2,11.5,0.8,3735.783
2011-10-08,29.0,4.7,10.6,0.0,3966.452
2011-10-09,29.0,4.5,9.9,0.0,3838.486
2011-10-10,28.1,3.9,8.8,0.2,2561.315
2011-10-11,29.6,3.5,9.5,0.0,3467.328
2011-10-12,29.5,3.5,9.0,0.0,3414.162
2011-10-13,29.8,3.2,8.3,0.0,3402.163
2011-10-14,28.7,2.9,8.0,0.6,3276.72
2011-10-15,28.9,3.0,7.9,8.8,3446.277
2011-10-16,29.2,3.1,7.3,0.2,2450.911
2011-10-17,29.8,3.3,7.7,0.0,3625.445
2011-10-18,29.8,3.6,8.4,0.0,3883.634
2011-10-19,29.0,2.9,7.0,0.0,2038.09
2011-10-20,29.2,3.4,8.3,1.0,2698.078
2011-10-21,29.3,3.0,7.6,0.2,3562.861
2011-10-22,29.5,4.7,11.0,0.0,3405.93
2011-10-23,29.8,4.9,11.5,0.0,3502.511
2011-10-24,29.8,3.6,9.8,0.0,3748.409
2011-10-25,29.8,3.0,8.5,0.0,3826.101
2011-10-26,30.3,3.0,7.1,0.0,4010.752
2011-10-27,29.7,4.6,9.1,0.0,2898.372
2011-10-28,30.1,3.8,8.6,0.4,3947.99
2011-10-29,28.8,2.3,6.2,0.6,2636.718
2011-10-30,30.2,3.1,7.6,1.2,3139.823
2011-10-31,30.2,3.3,7.6,0.0,3967.558
2011-11-01,30.2,3.4,8.7,1.0,3912.203
2011-11-02,30.6,3.6,9.0,0.2,3714.115
2011-11-03,30.2,3.0,7.2,0.0,2972.63
2011-11-04,30.0,3.7,8.8,3.6,3610.271
2011-11-05,30.2,3.4,8.2,0.0,3582.433
2011-11-06,29.8,3.1,8.1,0.4,3143.301
2011-11-07,30.2,3.7,8.2,0.0,3290.939
2011-11-08,30.0,3.8,9.6,0.0,3322.082
2011-11-09,30.2,3.8,9.2,1.6,3891.483
2011-11-10,30.0,5.1,11.6,0.0,3407.412
2011-11-11,28.9,3.9,9.2,7.6,2401.226
2011-11-12,30.0,3.6,10.0,0.2,3218.859
2011-11-13,29.6,4.0,10.2,0.8,3493.673
2011-11-14,29.7,4.4,9.3,2.6,3546.933
2011-11-15,30.0,3.5,9.0,3.6,3736.538
2011-11-16,30.3,3.5,7.8,0.2,3923.275
2011-11-17,30.4,3.0,7.1,0.2,3767.523
2011-11-18,30.2,3.1,7.2,0.0,3610.685
2011-11-19,30.1,4.4,9.4,0.0,3430.18
2011-11-20,30.0,3.7,9.2,0.0,3458.514
2011-11-21,30.6,3.9,8.3,0.0,3889.07
2011-11-22,30.3,3.7,9.0,0.4,3257.775
2011-11-23,30.7,3.8,9.5,0.0,3345.766
2011-11-24,30.0,3.8,10.0,0.4,3126.393
2011-11-25,30.1,4.1,9.4,0.0,3665.902
2011-11-26,30.5,3.7,8.9,0.0,3642.366
2011-11-27,29.3,3.5,9.2,1.0,2576.268
2011-11-28,28.9,3.6,10.3,2.6,2354.54
2011-11-29,30.1,3.7,8.5,0.4,3349.355
2011-11-30,30.0,3.5,8.3,0.0,2944.823
2011-12-01,30.1,2.9,6.9,0.0,3267.561
2011-12-02,30.3,3.4,8.6,0.0,3824.646
2011-12-03,29.9,3.1,6.8,0.0,3754.297
2011-12-04,30.3,3.8,9.5,0.0,3432.455
2011-12-05,29.7,4.3,11.6,0.8,3078.721
2011-12-06,29.6,4.4,9.7,6.4,3346.787
2011-12-07,30.1,3.2,8.3,0.0,3656.943
2011-12-08,30.2,3.5,8.8,0.0,3634.262
2011-12-09,30.3,3.8,9.2,0.0,3450.048
2011-12-10,29.9,3.6,8.0,0.0,3097.601
2011-12-11,30.0,4.0,9.3,0.0,3403.486
2011-12-12,30.5,3.4,8.9,0.0,3348.79
2011-12-13,30.9,3.3,8.0,0.0,3887.685
2011-12-14,30.1,3.6,8.5,1.8,3740.871
2011-12-15,30.2,3.3,9.4,0.8,2919.895
2011-12-16,30.3,4.2,9.7,0.0,3369.368
2011-12-17,30.5,4.3,9.4,0.0,3445.474
2011-12-18,30.5,4.4,9.5,0.0,3514.748
2011-12-19,30.9,3.6,9.1,0.0,3354.849
2011-12-20,30.6,4.0,10.0,0.0,2913.783
2011-12-21,30.2,3.2,8.9,0.0,2415.621
2011-12-22,30.4,3.6,8.4,2.8,3547.243
2011-12-23,29.7,3.2,8.7,1.2,2817.695
2011-12-24,30.5,4.4,10.2,0.2,3307.784
2011-12-25,29.7,4.2,10.1,3.0,3176.619
2011-12-26,30.2,4.2,9.7,4.6,3501.426
2011-12-27,30.0,3.0,8.0,0.0,3605.507
2011-12-28,30.4,3.0,7.5,0.0,3747.006
2011-12-29,30.6,3.3,7.8,0.0,3621.363
2011-12-30,30.1,3.2,7.4,0.0,2635.118
2011-12-31,30.1,3.4,9.0,0.0,2677.851
2012-01-01,30.9,3.3,8.7,5.6,3978.044
2012-01-02,30.0,3.3,7.9,0.0,3523.728
2012-01-03,30.2,3.2,7.8,0.0,2439.695
2012-01-04,29.9,3.1,8.4,0.0,2505.943
2012-01-05,30.4,2.8,7.4,0.2,3907.643
2012-01-06,30.8,3.4,8.0,0.0,3767.395
2012-01-07,30.3,3.6,8.3,0.8,2917.795
2012-01-08,29.6,4.0,11.2,2.0,3547.053
2012-01-09,29.7,4.1,9.6,1.4,3017.572
2012-01-10,30.2,4.9,10.3,2.8,3839.072
2012-01-11,28.5,4.6,9.7,3.2,2696.95
2012-01-12,29.6,4.0,8.6,4.8,2750.558
2012-01-13,30.3,4.7,10.2,0.2,3166.72
2012-01-14,30.0,4.7,10.1,0.2,3341.268
2012-01-15,30.9,4.0,9.2,0.0,3676.894
2012-01-16,30.3,3.6,9.4,1.0,3926.374
2012-01-17,30.2,3.0,7.4,0.0,3045.106
2012-01-18,29.4,3.0,7.1,0.4,2347.691
2012-01-19,26.6,3.9,8.4,20.4,2167.5
2012-01-20,29.2,2.8,7.2,3.2,2923.045
2012-01-21,29.4,2.8,6.9,6.4,2716.105
2012-01-22,26.2,3.5,7.8,4.6,1144.348
2012-01-23,27.4,3.3,6.7,3.4,2388.611
2012-01-24,29.5,3.0,7.4,15.6,3294.427
2012-01-25,29.2,3.1,20.0,4.0,2789.992
2012-01-26,30.4,3.4,7.6,0.0,3634.707
2012-01-27,29.2,3.2,8.8,0.0,2868.376
2012-01-28,29.9,3.9,8.6,0.0,3859.478
2012-01-29,30.1,3.1,7.8,0.0,3401.48
2012-01-30,30.2,3.5,8.4,0.0,3223.326
2012-01-31,30.1,3.1,7.7,0.0,3139.747
2012-02-01,30.1,4.1,9.5,0.0,3759.629
2012-02-02,29.4,4.2,9.0,0.8,2583.148
2012-02-03,29.6,5.3,10.9,2.8,3556.057
2012-02-04,29.8,4.7,13.1,0.0,3261.643
2012-02-05,29.8,5.0,12.2,0.0,3456.118
2012-02-06,30.6,5.2,10.5,1.8,3511.391
2012-02-07,29.6,4.5,10.8,0.8,3658.946
2012-02-08,30.7,3.4,7.3,0.0,3769.215
2012-02-09,30.6,2.7,6.8,0.0,3739.385
2012-02-10,30.3,3.1,7.2,1.2,2738.063
2012-02-11,29.9,3.9,10.0,0.0,2987.118
2012-02-12,29.7,3.4,7.4,0.0,2835.854
2012-02-13,27.7,3.0,6.9,0.0,995.928
2012-02-14,,,,,
2012-02-15,,,,,
2012-02-16,,,,,
2012-02-17,,,,,
2012-02-18,,,,,
2012-02-19,,,,,
2012-02-20,,,,,
2012-02-21,,,,,
2012-02-22,,,,,
2012-02-23,,,,,
2012-02-24,,,,,
2012-02-25,,,,,
2012-02-26,,,,,
2012-02-27,,,,,
2012-02-28,,,,,
2012-02-29,,,,,
2012-03-01,,,,,
2012-03-02,,,,,
2012-03-03,,,,,
2012-03-04,,,,,
2012-03-05,,,,,
2012-03-06,,,,,
2012-03-07,,,,,
2012-03-08,,,,,
2012-03-09,,,,,
2012-03-10,,,,,
2012-03-11,,,,,
2012-03-12,,,,,
2012-03-13,,,,,
2012-03-14,,,,,
2012-03-15,,,,,
2012-03-16,,,,,
2012-03-17,,,,,
2012-03-18,,,,,
2012-03-19,,,,,
2012-03-20,,,,,
2012-03-21,,,,,
2012-03-22,,,,,
2012-03-23,,,,,
2012-03-24,,,,,
2012-03-25,,,,,
2012-03-26,,,,,
2012-03-27,,,,,
2012-03-28,,,,,
2012-03-29,,,,,
2012-03-30,,,,,
2012-03-31,,,,,
2012-04-01,,,,,
2012-04-02,,,,,
2012-04-03,,,,,
2012-04-04,,,,,
2012-04-05,,,,,
2012-04-06,,,,,
2012-04-07,,,,,
2012-04-08,,,,,
2012-04-09,,,,,
2012-04-10,,,,,
2012-04-11,,,,,
2012-04-12,,,,,
2012-04-13,,,,,
2012-04-14,,,,,
2012-04-15,,,,,
2012-04-16,,,,,
2012-04-17,,,,,
2012-04-18,,,,,
2012-04-19,,,,,
2012-04-20,,,,,
2012-04-21,,,,,
2012-04-22,,,,,
2012-04-23,,,,,
2012-04-24,,,,,
2012-04-25,,,,,
2012-04-26,,,,,
2012-04-27,,,,,
2012-04-28,,,,,
2012-04-29,,,,,
2012-04-30,,,,,
2012-05-01,,,,,
2012-05-02,,,,,
2012-05-03,,,,,
2012-05-04,,,,,
2012-05-05,,,,,
2012-05-06,,,,,
2012-05-07,,,,,
2012-05-08,,,,,
2012-05-09,,,,,
2012-05-10,,,,,
2012-05-11,,,,,
2012-05-12,,,,,
2012-05-13,,,,,
2012-05-14,,,,,
2012-05-15,,,,,
2012-05-16,,,,,
2012-05-17,,,,,
2012-05-18,,,,,
2012-05-19,,,,,
2012-05-20,,,,,
2012-05-21,,,,,
2012-05-22,,,,,
2012-05-23,,,,,
2012-05-24,,,,,
2012-05-25,,,,,
2012-05-26,,,,,
2012-05-27,,,,,
2012-05-28,,,,,
2012-05-29,,,,,
2012-05-30,,,,,
2012-05-31,,,,,
2012-06-01,,,,,
2012-06-02,,,,,
2012-06-03,,,,,
2012-06-04,,,,,
2012-06-05,,,,,
2012-06-06,,,,,
2012-06-07,,,,,
2012-06-08,,,,,
2012-06-09,,,,,
2012-06-10,,,,,
2012-06-11,,,,,
2012-06-12,,,,,
2012-06-13,,,,,
2012-06-14,,,,,
2012-06-15,,,,,
2012-06-16,,,,,
2012-06-17,,,,,
2012-06-18,,,,,
2012-06-19,,,,,
2012-06-20,,,,,
2012-06-21,,,,,
2012-06-22,,,,,
2012-06-23,,,,,
2012-06-24,,,,,
2012-06-25,,,,,
2012-06-26,,,,,
2012-06-27,,,,,
2012-06-28,,,,,
2012-06-29,,,,,
2012-06-30,,,,,
2012-07-01,,,,,
2012-07-02,,,,,
2012-07-03,,,,,
2012-07-04,,,,,
2012-07-05,,,,,
2012-07-06,,,,,
2012-07-07,,,,,
2012-07-08,,,,,
2012-07-09,,,,,
2012-07-10,,,,,
2012-07-11,,,,,
2012-07-12,,,,,
2012-07-13,,,,,
2012-07-14,,,,,
2012-07-15,,,,,
2012-07-16,,,,,
2012-07-17,,,,,
2012-07-18,,,,,
2012-07-19,,,,,
2012-07-20,,,,,
2012-07-21,,,,,
2012-07-22,,,,,
2012-07-23,,,,,
2012-07-24,,,,,
2012-07-25,,,,,
2012-07-26,,,,,
2012-07-27,,,,,
2012-07-28,,,,,
2012-07-29,,,,,
2012-07-30,,,,,
2012-07-31,,,,,
2012-08-01,,,,,
2012-08-02,,,,,
2012-08-03,,,,,
2012-08-04,,,,,
2012-08-05,,,,,
2012-08-06,,,,,
2012-08-07,,,,,
2012-08-08,,,,,
2012-08-09,,,,,
2012-08-10,,,,,
2012-08-11,,,,,
2012-08-12,,,,,
2012-08-13,,,,,
2012-08-14,,,,,
2012-08-15,,,,,
2012-08-16,,,,,
2012-08-17,,,,,
2012-08-18,,,,,
2012-08-19,,,,,
2012-08-20,,,,,
2012-08-21,,,,,
2012-08-22,,,,,
2012-08-23,,,,,
2012-08-24,,,,,
2012-08-25,,,,,
2012-08-26,,,,,
2012-08-27,,,,,
2012-08-28,,,,,
2012-08-29,,,,,
2012-08-30,,,,,
2012-08-31,,,,,
2012-09-01,,,,,
2012-09-02,,,,,
2012-09-03,,,,,
2012-09-04,,,,,
2012-09-05,,,,,
2012-09-06,,,,,
2012-09-07,,,,,
2012-09-08,,,,,
2012-09-09,,,,,
2012-09-10,,,,,
2012-09-11,,,,,
2012-09-12,,,,,
2012-09-13,,,,,
2012-09-14,,,,,
2012-09-15,,,,,
2012-09-16,,,,,
2012-09-17,,,,,
2012-09-18,,,,,
2012-09-19,,,,,
2012-09-20,,,,,
2012-09-21,,,,,
2012-09-22,,,,,
2012-09-23,,,,,
2012-09-24,,,,,
2012-09-25,,,,,
2012-09-26,,,,,
2012-09-27,,,,,
2012-09-28,,,,,
2012-09-29,,,,,
2012-09-30,,,,,
2012-10-01,,,,,
2012-10-02,,,,,
2012-10-03,,,,,
2012-10-04,,,,,
2012-10-05,,,,,
2012-10-06,,,,,
2012-10-07,,,,,
2012-10-08,,,,,
2012-10-09,,,,,
2012-10-10,,,,,
2012-10-11,,,,,
2012-10-12,,,,,
2012-10-13,,,,,
2012-10-14,,,,,
2012-10-15,,,,,
2012-10-16,,,,,
2012-10-17,,,,,
2012-10-18,,,,,
2012-10-19,,,,,
2012-10-20,,,,,
2012-10-21,,,,,
2012-10-22,,,,,
2012-10-23,,,,,
2012-10-24,,,,,
2012-10-25,,,,,
2012-10-26,,,,,
2012-10-27,,,,,
2012-10-28,,,,,
2012-10-29,,,,,
2012-10-30,,,,,
2012-10-31,,,,,
2012-11-01,,,,,
2012-11-02,,,,,
2012-11-03,,,,,
2012-11-04,,,,,
2012-11-05,,,,,
2012-11-06,,,,,
2012-11-07,,,,,
2012-11-08,,,,,
2012-11-09,,,,,
2012-11-10,,,,,
2012-11-11,,,,,
2012-11-12,,,,,
2012-11-13,,,,,
2012-11-14,,,,,
2012-11-15,,,,,
2012-11-16,,,,,
2012-11-17,,,,,
2012-11-18,,,,,
2012-11-19,,,,,
2012-11-20,,,,,
2012-11-21,,,,,
2012-11-22,,,,,
2012-11-23,,,,,
2012-11-24,,,,,
2012-11-25,,,,,
2012-11-26,,,,,
2012-11-27,,,,,
2012-11-28,,,,,
2012-11-29,,,,,
2012-11-30,,,,,
2012-12-01,,,,,
2012-12-02,,,,,
2012-12-03,,,,,
2012-12-04,,,,,
2012-12-05,,,,,
2012-12-06,,,,,
2012-12-07,,,,,
2012-12-08,,,,,
2012-12-09,,,,0.0,
2012-12-10,30.8,3.4,7.9,0.0,677.519
2012-12-11,31.1,3.8,8.5,0.0,3708.583
2012-12-12,31.5,3.4,7.5,0.0,3594.284
2012-12-13,31.3,3.7,8.9,0.0,3535.54
2012-12-14,31.4,3.4,8.4,0.4,3561.706
2012-12-15,30.8,4.2,10.0,0.0,3075.681
2012-12-16,31.1,3.4,8.1,0.2,3577.763
2012-12-17,31.7,3.1,8.4,0.0,3665.647
2012-12-18,31.7,3.2,7.7,0.0,3574.86
2012-12-19,31.3,4.1,8.6,0.0,3717.807
2012-12-20,31.7,3.4,7.9,0.0,3824.946
2012-12-21,31.2,3.3,9.2,0.2,3664.396
2012-12-22,31.4,3.4,8.7,0.0,3488.834
2012-12-23,31.7,3.2,8.2,0.0,3651.993
2012-12-24,31.6,3.5,8.5,0.0,3814.546
2012-12-25,31.7,3.2,7.5,0.0,3840.151
2012-12-26,31.3,3.3,8.4,0.0,3721.047
2012-12-27,31.9,3.3,7.9,0.0,3516.406
2012-12-28,32.0,3.1,7.3,0.8,3689.476
2012-12-29,31.5,4.0,8.7,0.0,3795.105
2012-12-30,31.5,3.4,8.9,0.2,3775.161
2012-12-31,32.2,3.9,9.5,0.0,3778.06
2013-01-01,31.1,3.8,9.4,0.6,2958.287
2013-01-02,29.7,3.6,9.4,3.2,3521.47
2013-01-03,30.9,3.3,8.3,1.0,3695.801
2013-01-04,30.7,3.2,8.8,1.4,3452.971
2013-01-05,31.3,3.5,8.1,0.2,3893.586
2013-01-06,31.8,3.9,9.3,0.0,3757.192
2013-01-07,31.9,3.6,8.7,0.0,3658.012
2013-01-08,31.3,3.5,8.9,0.0,3337.876
2013-01-09,31.8,3.1,8.6,0.0,3938.307
2013-01-10,31.7,3.5,8.9,0.0,3815.377
2013-01-11,31.6,3.5,8.4,0.0,3389.378
2013-01-12,30.6,4.9,10.9,1.8,3441.524
2013-01-13,30.6,3.8,9.5,3.6,3447.122
2013-01-14,30.5,3.9,11.1,2.6,3371.288
2013-01-15,30.5,3.0,8.7,0.0,3464.16
2013-01-16,31.4,3.0,7.4,2.2,3939.124
2013-01-17,31.0,2.7,7.7,0.0,3282.039
2013-01-18,31.5,2.8,7.4,0.0,3226.642
2013-01-19,31.4,3.1,6.8,0.4,3325.688
2013-01-20,31.5,3.3,7.2,0.0,3510.274
2013-01-21,31.9,3.4,7.1,0.0,3685.667
2013-01-22,31.7,3.8,8.5,0.0,3826.021
2013-01-23,31.5,3.1,7.0,0.0,3745.358
2013-01-24,31.7,3.1,7.5,0.0,3758.074
2013-01-25,31.7,3.0,8.1,0.0,3790.386
2013-01-26,32.1,3.2,7.5,0.0,3512.776
2013-01-27,32.1,3.4,7.2,0.0,3787.946
2013-01-28,31.8,3.7,8.9,0.0,3973.563
2013-01-29,32.2,3.1,7.2,0.0,3771.111
2013-01-30,31.5,4.2,10.0,2.6,3488.53
2013-01-31,32.4,3.6,8.2,0.0,3962.801
2013-02-01,32.2,3.3,9.2,0.0,3599.637
2013-02-02,32.0,4.4,9.9,0.0,3560.352
2013-02-03,32.0,4.1,9.6,0.6,3741.739
2013-02-04,32.3,4.3,10.4,0.0,3813.985
2013-02-05,32.1,3.4,8.1,0.0,3865.379
2013-02-06,32.2,3.0,8.6,0.0,3651.407
2013-02-07,32.4,3.4,8.7,0.0,3824.894
2013-02-08,32.3,4.6,10.0,0.0,3669.246
2013-02-09,32.3,4.8,10.6,0.0,3736.1
2013-02-10,31.8,5.2,11.6,0.0,3090.441
2013-02-11,32.0,4.7,11.7,1.4,3752.552
2013-02-12,32.6,4.8,11.7,0.4,3697.473
2013-02-13,32.4,4.4,9.7,0.4,3749.143
2013-02-14,32.0,4.1,10.1,0.0,3735.08
2013-02-15,32.5,3.4,8.0,0.0,3692.606
2013-02-16,31.9,3.3,8.5,0.0,3678.756
2013-02-17,32.4,3.7,9.0,0.0,3777.684
2013-02-18,28.3,3.1,9.8,7.2,1501.111
2013-02-19,31.2,3.6,8.7,0.2,3384.514
2013-02-20,31.3,3.4,9.9,1.0,3774.947
2013-02-21,30.1,3.9,10.0,3.6,3183.613
2013-02-22,31.7,3.5,9.9,0.0,3695.322
2013-02-23,31.5,3.3,7.8,0.0,3015.859
2013-02-24,32.3,3.3,7.2,0.0,3743.242
2013-02-25,31.8,3.8,8.9,0.0,3635.007
2013-02-26,31.7,4.2,9.6,0.8,3734.511
2013-02-27,32.0,3.5,8.5,0.0,3869.374
2013-02-28,32.5,3.4,9.0,0.0,3845.407
2013-03-01,31.7,5.6,12.1,1.4,3741.546
2013-03-02,31.3,4.5,11.5,9.0,3545.413
2013-03-03,30.8,4.5,12.4,0.8,2991.471
2013-03-04,30.8,3.7,10.1,1.8,3757.485
2013-03-05,31.6,4.5,10.1,1.0,3462.947
2013-03-06,31.5,3.7,9.1,0.8,3276.768
2013-03-07,31.4,3.8,8.6,0.0,3464.943
2013-03-08,31.2,3.5,8.6,0.4,3219.479
2013-03-09,32.1,3.7,9.2,0.2,3372.977
2013-03-10,32.2,3.6,8.9,0.0,3481.895
2013-03-11,32.5,3.0,7.3,0.0,3748.04
2013-03-12,32.2,2.8,7.0,0.6,3861.229
2013-03-13,32.3,3.3,8.7,0.0,3793.747
2013-03-14,32.7,3.1,8.2,0.0,3885.444
2013-03-15,32.2,3.4,8.7,0.0,3709.248
2013-03-16,32.2,3.0,7.9,0.4,3462.261
2013-03-17,32.5,3.1,7.9,0.0,3822.709
2013-03-18,32.3,2.8,7.0,0.0,4080.099
2013-03-19,32.7,3.1,8.8,0.6,3789.607
2013-03-20,32.7,3.1,7.7,0.0,3806.477
2013-03-21,32.4,3.0,7.6,0.0,3798.332
2013-03-22,32.1,3.1,7.6,0.0,3883.472
2013-03-23,32.1,2.7,7.0,0.2,3900.325
2013-03-24,32.6,3.1,8.3,0.6,3849.361
2013-03-25,32.2,3.1,7.7,0.4,3667.046
2013-03-26,32.3,3.0,7.3,0.0,3878.629
2013-03-27,32.7,3.2,7.6,0.0,3751.918
2013-03-28,32.3,3.1,7.5,0.0,3838.982
2013-03-29,32.7,3.4,8.3,0.0,3835.645
2013-03-30,32.3,4.7,10.1,0.0,3559.211
2013-03-31,32.3,4.5,9.8,0.2,3818.286
2013-04-01,32.2,3.6,9.5,1.0,3816.208
2013-04-02,28.5,2.2,7.3,6.0,3410.092
2013-04-03,31.2,3.4,8.4,6.0,3932.13
2013-04-04,31.5,3.4,7.6,0.0,3680.479
2013-04-05,31.9,2.7,7.4,0.0,3781.004
2013-04-06,31.8,3.2,8.2,0.0,3579.493
2013-04-07,31.9,3.4,7.7,0.0,3670.111
2013-04-08,32.5,2.8,7.3,0.0,3581.144
2013-04-09,32.3,3.3,7.6,0.0,3754.321
2013-04-10,32.1,3.2,8.9,0.0,3351.092
2013-04-11,32.5,4.3,10.4,1.8,3538.115
2013-04-12,32.3,4.5,10.4,0.6,3539.656
2013-04-13,32.2,2.9,8.5,0.0,3633.307
2013-04-14,32.0,3.3,7.3,0.0,3664.895
2013-04-15,32.0,3.5,7.5,0.0,3518.809
2013-04-16,32.5,3.2,7.4,0.0,3806.804
2013-04-17,32.3,3.2,7.3,0.0,3670.717
2013-04-18,31.4,2.5,7.8,6.8,3099.004
2013-04-19,31.3,2.7,8.5,1.8,3594.636
2013-04-20,30.5,2.6,9.3,5.0,3565.519
2013-04-21,30.2,4.2,10.2,1.0,3270.405
2013-04-22,30.7,4.3,9.9,6.6,3578.931
2013-04-23,30.6,3.8,8.5,1.6,3099.845
2013-04-24,27.9,2.3,8.2,17.2,1330.458
2013-04-25,30.6,2.3,6.8,5.4,3439.966
2013-04-26,30.9,3.5,9.0,0.8,3419.598
2013-04-27,30.6,5.1,10.5,0.6,3325.333
2013-04-28,26.6,4.5,11.4,16.6,961.42
2013-04-29,28.5,2.2,8.0,18.8,2192.539
2013-04-30,31.0,3.6,10.0,3.6,3515.503
2013-05-01,30.6,3.3,8.0,3.2,3327.535
2013-05-02,30.6,3.4,8.7,0.8,3322.244
2013-05-03,31.1,4.2,10.3,0.0,3318.06
2013-05-04,30.7,5.4,12.7,0.0,3418.391
2013-05-05,30.5,4.4,10.4,3.4,2759.686
2013-05-06,29.6,3.2,7.9,2.4,3414.803
2013-05-07,31.1,2.9,7.3,0.0,3438.011
2013-05-08,31.4,2.6,6.5,0.0,2978.063
2013-05-09,31.6,2.5,6.9,0.2,2733.544
2013-05-10,30.3,3.6,8.2,2.2,3117.073
2013-05-11,31.4,3.9,9.5,0.2,3173.851
2013-05-12,30.8,4.4,10.7,0.4,3410.894
2013-05-13,30.8,4.2,9.8,11.2,2697.064
2013-05-14,30.1,4.7,11.2,19.0,3208.904
2013-05-15,30.4,3.5,8.6,1.0,3079.059
2013-05-16,30.3,3.3,8.5,0.2,3320.3
2013-05-17,28.9,3.3,8.4,12.0,1830.454
2013-05-18,29.3,3.9,11.1,3.4,2866.949
2013-05-19,29.8,4.6,10.1,3.6,3218.38
2013-05-20,29.8,4.3,9.6,0.0,3350.12
2013-05-21,30.1,4.6,10.3,0.2,3332.682
2013-05-22,30.3,4.2,9.7,0.0,3340.865
2013-05-23,29.8,3.3,8.7,2.6,2595.471
2013-05-24,29.0,3.6,9.4,17.2,2785.231
2013-05-25,30.0,2.3,8.5,8.0,2999.834
2013-05-26,30.6,3.1,7.1,0.0,3097.739
2013-05-27,31.1,3.1,7.9,0.0,3170.456
2013-05-28,30.6,3.6,8.9,0.2,3196.97
2013-05-29,30.8,3.0,7.7,0.0,3280.96
2013-05-30,30.2,2.5,6.8,3.2,3021.288
2013-05-31,30.3,3.8,8.0,1.2,3245.345
2013-06-01,30.0,5.3,11.1,8.2,3272.739
2013-06-02,29.5,3.9,8.6,12.4,3299.935
2013-06-03,29.4,3.2,7.0,8.0,3190.328
2013-06-04,28.0,2.6,8.2,3.2,2117.181
2013-06-05,29.5,3.4,11.2,0.6,2894.228
2013-06-06,29.9,3.6,8.4,0.2,3271.37
2013-06-07,29.8,3.7,8.1,0.2,3281.918
2013-06-08,29.0,4.7,10.8,0.2,2729.883
2013-06-09,28.3,3.7,10.5,2.0,1879.163
2013-06-10,29.5,3.2,8.1,1.4,3090.989
2013-06-11,29.8,4.0,9.3,0.2,3177.629
2013-06-12,27.7,2.6,7.1,0.2,2045.435
2013-06-13,28.5,3.2,7.6,0.2,2190.036
2013-06-14,29.0,3.4,8.8,0.2,3285.586
2013-06-15,29.1,4.1,8.6,0.2,3197.384
2013-06-16,29.2,4.0,10.2,0.2,2936.812
2013-06-17,30.2,2.4,6.7,0.2,3170.136
2013-06-18,24.2,1.1,2.4,0.2,-3.54
2013-06-19,,,,,
2013-06-20,,,,,
2013-06-21,,,,,
2013-06-22,,,,,
2013-06-23,,,,,
2013-06-24,,,,,
2013-06-25,,,,,
2013-06-26,,,,,
2013-06-27,,,,,
2013-06-28,,,,,
2013-06-29,,,,,
2013-06-30,,,,,
2013-07-01,,,,,
2013-07-02,,,,,
2013-07-03,,,,,
2013-07-04,,,,,
2013-07-05,,,,,
2013-07-06,,,,,
2013-07-07,,,,,
2013-07-08,,,,,
2013-07-09,,,,,
2013-07-10,,,,,
2013-07-11,,,,,
2013-07-12,,,,,
2013-07-13,,,,,
2013-07-14,,,,,
2013-07-15,33.2,3.3,8.0,0.0,4220.08
2013-07-16,26.8,4.5,9.2,0.8,2573.676
2013-07-17,28.8,4.8,10.8,5.8,3113.901
2013-07-18,27.8,3.5,9.1,6.8,2780.13
2013-07-19,29.0,3.7,9.9,0.6,3385.11
2013-07-20,25.9,3.0,7.8,1.4,1719.488
2013-07-21,26.7,3.0,8.4,13.8,1431.313
2013-07-22,28.7,4.2,11.5,0.8,3341.237
2013-07-23,29.1,4.2,9.5,0.2,3380.56
2013-07-24,29.1,2.3,5.7,0.0,3146.71
2013-07-25,29.5,2.8,6.5,7.0,3324.088
2013-07-26,27.3,3.1,7.4,4.8,1607.737
2013-07-27,29.0,4.5,11.2,0.0,3202.689
2013-07-28,29.5,4.1,9.4,0.0,3405.379
2013-07-29,29.0,3.5,9.3,3.4,3263.918
2013-07-30,24.7,,,2.2,1092.016
2013-07-31,27.5,,,1.4,2083.373
2013-08-01,28.5,,,0.4,3241.871
2013-08-02,28.7,,,0.0,3431.783
2013-08-03,29.4,4.2,10.4,0.2,3398.474
2013-08-04,28.9,3.4,8.5,0.0,3471.675
2013-08-05,29.1,4.1,9.0,0.4,3349.593
2013-08-06,29.3,4.1,10.2,0.2,2846.312
2013-08-07,29.5,4.2,9.3,0.0,3406.251
2013-08-08,28.2,3.5,9.1,21.2,3425.923
2013-08-09,29.0,4.6,10.9,1.4,3443.906
2013-08-10,28.4,4.0,10.3,1.0,3437.994
2013-08-11,28.8,3.5,8.6,0.0,3513.504
2013-08-12,28.8,3.4,8.2,3.0,3407.502
2013-08-13,28.9,3.5,8.2,0.4,3374.952
2013-08-14,24.9,4.0,9.6,8.4,1410.948
2013-08-15,28.5,3.8,9.8,0.4,3544.844
2013-08-16,28.6,3.5,9.6,0.0,2762.212
2013-08-17,28.7,3.5,9.4,0.6,3486.428
2013-08-18,25.0,2.9,8.3,9.0,1095.97
2013-08-19,28.4,5.9,13.4,0.0,2987.297
2013-08-20,28.8,4.1,10.3,0.2,3295.334
2013-08-21,29.0,4.9,9.6,0.2,3498.985
2013-08-22,29.3,4.4,10.8,0.0,3560.755
2013-08-23,28.4,4.9,11.1,2.2,3586.583
2013-08-24,29.0,4.1,9.5,0.0,3312.231
2013-08-25,28.0,4.9,10.8,0.6,2463.672
2013-08-26,28.9,4.8,11.4,0.4,3403.069
2013-08-27,28.7,5.2,11.4,1.4,3429.515
2013-08-28,29.2,4.3,10.3,2.4,3258.534
2013-08-29,28.1,5.1,11.8,1.4,2436.761
2013-08-30,26.2,4.7,12.5,30.8,1262.252
2013-08-31,27.7,4.6,11.0,6.6,2156.346
2013-09-01,28.4,4.1,12.1,0.4,3199.759
2013-09-02,28.7,4.1,9.5,0.0,3505.703
2013-09-03,28.1,4.5,10.9,25.2,3124.346
2013-09-04,28.1,4.1,9.3,21.6,3495.6
2013-09-05,29.0,3.6,8.8,0.8,3584.212
2013-09-06,29.0,4.3,10.4,0.6,3591.03
2013-09-07,29.1,4.5,9.5,0.0,3455.536
2013-09-08,28.4,5.6,12.0,0.8,3230.654
2013-09-09,28.6,4.9,12.4,2.2,3714.122
2013-09-10,27.7,4.6,12.2,8.2,2848.28
2013-09-11,28.3,5.0,11.7,0.0,3740.254
2013-09-12,27.4,3.7,9.9,8.0,3749.798
2013-09-13,28.8,3.0,7.9,3.6,3382.959
2013-09-14,29.2,3.5,11.3,6.0,3497.744
2013-09-15,29.2,4.0,10.0,0.4,3659.839
2013-09-16,29.3,3.1,7.6,0.0,3736.338
2013-09-17,29.7,2.9,7.8,0.4,3319.924
2013-09-18,29.4,4.2,9.4,4.6,3502.787
2013-09-19,29.5,4.8,11.6,0.0,3646.451
2013-09-20,29.6,5.6,13.4,0.0,3575.212
2013-09-21,28.1,4.5,11.9,1.6,3345.432
2013-09-22,29.3,3.4,8.7,0.0,3683.485
2013-09-23,29.1,4.3,9.6,4.4,3705.498
2013-09-24,27.8,3.3,7.5,2.6,2638.052
2013-09-25,28.9,2.6,7.4,0.0,3734.249
2013-09-26,29.6,2.6,6.8,0.0,3562.761
2013-09-27,28.8,3.3,8.9,1.6,3024.342
2013-09-28,28.9,3.9,9.9,3.4,3703.185
2013-09-29,29.0,4.0,8.9,0.2,3217.353
2013-09-30,29.7,3.8,10.0,0.0,3481.76
2013-10-01,29.6,3.5,8.5,0.2,3650.949
2013-10-02,29.9,3.3,7.9,0.0,3852.229
2013-10-03,30.0,4.4,9.5,0.0,3766.389
2013-10-04,29.5,3.7,7.5,0.2,3863.931
2013-10-05,30.1,2.9,8.0,0.0,3732.477
2013-10-06,30.0,3.0,7.0,0.0,3740.098
2013-10-07,30.0,3.2,8.3,0.0,3481.633
2013-10-08,30.4,4.8,11.5,0.0,3602.626
2013-10-09,29.9,4.9,11.9,0.4,3591.978
2013-10-10,30.2,5.8,12.5,0.0,3770.763
2013-10-11,30.0,4.3,10.2,0.0,3899.16
2013-10-12,30.2,3.6,8.7,1.0,3786.112
2013-10-13,30.0,3.1,8.5,0.6,3342.271
2013-10-14,30.3,3.5,8.5,1.6,3596.993
2013-10-15,30.1,3.3,10.0,1.6,3778.829
2013-10-16,30.0,3.2,8.6,0.0,3599.317
2013-10-17,30.0,3.0,7.6,0.2,3696.766
2013-10-18,30.7,3.2,8.0,0.0,3540.628
2013-10-19,30.4,3.0,7.5,0.0,3624.721
2013-10-20,31.0,2.7,7.5,0.6,3784.758
2013-10-21,30.6,4.6,10.2,0.0,3643.786
2013-10-22,30.4,3.7,8.6,0.0,3857.368
2013-10-23,30.4,3.6,11.3,1.0,3554.94
2013-10-24,30.3,3.6,10.4,0.0,3304.999
2013-10-25,28.0,2.7,9.8,7.6,3300.411
2013-10-26,29.2,2.7,7.1,1.6,3040.643
2013-10-27,29.5,3.1,7.9,1.0,3649.856
2013-10-28,29.9,3.6,9.7,1.8,3749.495
2013-10-29,30.0,3.0,7.7,0.0,3839.258
2013-10-30,29.8,3.4,8.4,0.2,3769.794
2013-10-31,30.1,3.7,8.4,0.2,3448.507
2013-11-01,28.9,4.6,10.3,2.0,3495.159
2013-11-02,30.0,4.1,9.6,1.4,3731.54
2013-11-03,30.1,3.1,7.8,0.0,3545.871
2013-11-04,30.5,2.9,7.6,0.2,3236.356
2013-11-05,30.2,3.0,8.0,5.6,3750.639
2013-11-06,30.2,3.7,9.7,0.2,3749.902
2013-11-07,30.4,4.1,9.8,0.0,3463.781
2013-11-08,29.9,3.5,10.3,1.0,3044.19
2013-11-09,30.5,3.7,9.3,1.0,3696.573
2013-11-10,30.8,3.0,8.5,0.2,3728.758
2013-11-11,30.5,3.1,8.7,0.0,3720.116
2013-11-12,30.8,3.5,9.5,0.0,3755.682
2013-11-13,30.7,3.3,8.1,0.0,3622.342
2013-11-14,30.4,3.7,9.0,0.0,3749.56
2013-11-15,30.8,4.2,9.7,0.0,3635.655
2013-11-16,30.2,3.7,10.0,1.2,3696.787
2013-11-17,30.2,3.7,8.5,0.0,3437.353
2013-11-18,30.7,3.7,9.5,0.0,3629.223
2013-11-19,30.5,3.9,10.7,0.8,3504.221
2013-11-20,30.4,4.2,9.9,1.2,3571.71
2013-11-21,29.0,3.6,9.4,1.8,3016.879
2013-11-22,29.4,3.8,7.0,3.0,3247.152
2013-11-23,29.8,3.3,6.9,0.2,2901.495
2013-11-24,30.6,3.4,9.0,0.0,3783.182
2013-11-25,30.9,3.2,8.0,0.0,3476.614
2013-11-26,30.5,2.7,8.3,0.0,3803.737
2013-11-27,30.5,3.5,7.7,0.0,3708.097
2013-11-28,31.0,3.7,8.0,0.0,3758.274
2013-11-29,31.2,2.8,7.4,0.0,3432.251
2013-11-30,31.1,3.6,9.4,4.0,3748.964
2013-12-01,30.2,4.0,9.6,0.2,3691.196
2013-12-02,31.5,3.7,9.0,0.0,3622.215
2013-12-03,31.3,2.9,6.8,0.0,3749.312
2013-12-04,31.2,3.0,7.7,0.0,3724.901
2013-12-05,31.4,3.3,7.4,0.0,3773.8
2013-12-06,31.3,2.9,7.5,0.0,3548.615
2013-12-07,31.4,3.1,8.1,0.0,3731.395
2013-12-08,31.7,3.6,8.4,0.0,3664.651
2013-12-09,31.4,3.4,8.4,0.0,3690.937
2013-12-10,30.8,3.4,8.3,0.0,3770.746
2013-12-11,31.2,3.5,8.4,0.0,3798.938
2013-12-12,31.5,3.5,9.0,0.0,3666.536
2013-12-13,32.0,3.1,8.3,0.0,3526.813
2013-12-14,31.5,3.3,7.6,0.0,3621.115
2013-12-15,30.7,3.7,9.6,0.6,3556.56
2013-12-16,31.0,3.5,7.8,0.0,3669.263
2013-12-17,30.1,4.1,9.2,0.4,3212.864
2013-12-18,31.0,4.5,8.8,0.8,3429.159
2013-12-19,30.3,4.0,9.0,0.2,2266.118
2013-12-20,31.0,3.5,10.9,0.8,2203.831
2013-12-21,31.5,4.1,9.1,0.2,3653.875
2013-12-22,31.4,3.5,9.8,0.4,3633.549
2013-12-23,31.5,3.1,8.4,0.0,3468.893
2013-12-24,31.9,3.2,7.5,0.0,3507.258
2013-12-25,31.8,3.7,7.9,1.0,3638.912
2013-12-26,32.1,3.6,7.9,0.0,3357.207
2013-12-27,31.7,3.5,8.0,0.0,3239.878
2013-12-28,31.6,4.0,8.3,0.0,3567.925
2013-12-29,31.5,3.0,7.7,2.6,3633.811
2013-12-30,31.6,3.5,8.4,0.2,3498.73
2013-12-31,31.4,3.1,8.5,3.2,3716.604
