Data Medicao,RADIACAO SOLAR MÉDIA DIÁRIA (Kj/m²),RADIACAO SOLAR MÁXIMA DIÁRIA (Kj/m²)
2008-01-01,1122.721625,3610.771
2008-01-02,998.1771249999998,3167.936
2008-01-03,1033.692875,3429.173
2008-01-04,899.2739166666665,3115.432
2008-01-05,1005.6173750000002,3456.494
2008-01-06,1015.3900833333333,3319.773
2008-01-07,684.6430833333333,2337.761
2008-01-08,885.8512083333331,3353.391
2008-01-09,954.1319166666668,3454.305
2008-01-10,998.462375,3453.661
2008-01-11,811.4670416666667,2633.325
2008-01-12,1103.8405,3768.267
2008-01-13,598.6777083333333,2028.025
2008-01-14,379.77462499999996,1962.997
2008-01-15,794.5299166666665,3323.527
2008-01-16,650.1011666666667,2908.551
2008-01-17,814.2226666666667,3588.958
2008-01-18,903.1652499999999,3307.843
2008-01-19,1063.9106666666664,3520.922
2008-01-20,1027.786625,3593.026
2008-01-21,754.6366250000002,3038.233
2008-01-22,805.7877916666665,3264.321
2008-01-23,749.1956666666669,2973.609
2008-01-24,671.532625,1969.781
2008-01-25,1067.2038333333335,3683.544
2008-01-26,1015.4919583333332,3436.87
2008-01-27,1061.1879583333332,3593.25
2008-01-28,906.0501666666665,3236.211
2008-01-29,1038.3987083333334,3517.068
2008-01-30,568.0929166666668,2199.581
2008-01-31,995.0627083333333,4006.978
2008-02-01,971.3498749999999,3418.15
2008-02-02,1074.2659583333332,3717.359
2008-02-03,840.3902083333334,2973.53
2008-02-04,1003.8315833333332,3509.13
2008-02-05,1062.6329583333334,3704.46
2008-02-06,1052.8271666666665,3638.105
2008-02-07,973.9340000000002,3182.834
2008-02-08,930.2373333333335,3083.502
2008-02-09,1087.0255416666666,3619.03
2008-02-10,1024.1595833333333,3494.304
2008-02-11,923.5874583333333,3352.919
2008-02-12,1022.5423333333337,3784.675
2008-02-13,1040.4377083333334,3505.069
2008-02-14,1047.6677916666665,3772.097
2008-02-15,1104.4094999999998,3777.567
2008-02-16,917.03125,3313.034
2008-02-17,725.3427916666668,2964.306
2008-02-18,978.7712916666665,3501.998
2008-02-19,1091.5422499999997,3651.239
2008-02-20,1001.477375,3583.433
2008-02-21,1096.44555,3545.857
2008-02-22,1068.853625,3774.668
2008-02-23,821.1065833333333,2506.315
2008-02-24,1089.6123333333333,3720.699
2008-02-25,1128.8130833333332,3815.225
2008-02-26,1098.8762916666667,3721.164
2008-02-27,770.0322916666668,3097.387
2008-02-28,1048.9241666666665,3677.732
2008-02-29,938.5280833333333,3394.793
2008-03-01,1058.7952500000001,3686.942
2008-03-02,1019.3212083333333,3658.319
2008-03-03,964.2136521739129,3740.602
2008-03-04,962.0917083333335,3578.145
2008-03-05,971.2000833333333,3497.375
2008-03-06,1007.7764583333333,3892.952
2008-03-07,1023.71375,3212.558
2008-03-08,725.7774583333334,3722.274
2008-03-09,1091.652,3756.565
2008-03-10,1080.2648333333334,3770.522
2008-03-11,845.1580833333331,2936.133
2008-03-12,873.4659999999998,3542.948
2008-03-13,1158.4467916666665,3838.086
2008-03-14,1122.0080416666667,3776.164
2008-03-15,1129.248875,3735.248
2008-03-16,1114.7562500000001,3765.286
2008-03-17,960.64,3792.558
2008-03-18,918.6604166666666,3923.216
2008-03-19,938.5507083333335,3900.28
2008-03-20,462.7558333333332,1832.436
2008-03-21,994.4287083333334,3869.274
2008-03-22,1029.8240416666665,3984.09
2008-03-23,861.3732916666667,3186.843
2008-03-24,939.6093333333334,3995.482
2008-03-25,814.9682499999999,3435.357
2008-03-26,792.4595833333334,3691.12
2008-03-27,1006.7802083333335,3659.739
2008-03-28,549.9201666666667,3510.391
2008-03-29,434.34041666666667,2550.126
2008-03-30,440.5968333333333,2297.007
2008-03-31,490.98337499999997,1968.064
2008-04-01,1027.116958333333,3962.322
2008-04-02,861.5574583333333,3058.898
2008-04-03,981.9443333333332,3587.873
2008-04-04,1074.954875,3650.104
2008-04-05,599.3329166666667,2872.526
2008-04-06,926.3004583333333,3324.219
2008-04-07,778.8960416666667,3714.756
2008-04-08,866.7055416666666,2732.82
2008-04-09,590.9023333333333,2183.363
2008-04-10,842.2274166666666,2858.693
2008-04-11,777.3404166666666,3148.861
2008-04-12,762.6749166666668,2633.195
2008-04-13,300.0327916666667,1285.909
2008-04-14,684.6545416666668,3180.246
2008-04-15,961.2421249999998,3550.838
2008-04-16,897.7787916666667,3237.865
2008-04-17,1016.1714166666667,3336.291
2008-04-18,965.3404583333332,3670.145
2008-04-19,895.95025,3332.502
2008-04-20,726.2850416666669,3826.604
2008-04-21,822.4687916666667,3511.225
2008-04-22,895.4309583333335,3499.406
2008-04-23,283.487125,1360.919
2008-04-24,903.7492083333335,3441.231
2008-04-25,865.7283333333334,2832.345
2008-04-26,1007.5637083333332,3384.852
2008-04-27,65.71945833333334,378.472
2008-04-28,648.909375,3246.466
2008-04-29,878.2660416666668,3131.233
2008-04-30,960.1109583333332,3322.444
2008-05-01,579.0008260869565,2410.784
2008-05-02,845.9637916666665,2937.24
2008-05-03,928.0537083333332,3256.631
2008-05-04,884.1614166666668,3125.504
2008-05-05,880.9197916666668,3100.038
2008-05-06,797.1037916666668,2970.286
2008-05-07,320.90837500000004,2282.885
2008-05-08,853.3022916666665,3263.318
2008-05-09,664.005,3334.471
2008-05-10,770.2929583333333,3368.179
2008-05-11,843.9649583333331,2916.12
2008-05-12,653.2884999999999,2621.937
2008-05-13,448.8092083333334,1711.553
2008-05-14,396.85037500000016,1817.283
2008-05-15,172.94979166666664,781.298
2008-05-16,931.2798333333334,3270.926
2008-05-17,852.8325833333334,3294.437
2008-05-18,791.9858749999999,3318.384
2008-05-19,952.0612916666663,3278.423
2008-05-20,887.7647916666665,3155.5
2008-05-21,759.0598333333332,3114.198
2008-05-22,932.0692916666667,3219.155
2008-05-23,758.3802083333331,2482.379
2008-05-24,826.95525,3005.328
2008-05-25,864.5328333333333,3119.32
2008-05-26,867.3717499999999,3280.563
2008-05-27,165.952125,1081.096
2008-05-28,752.352375,3193.23
2008-05-29,836.7470416666666,3017.224
2008-05-30,579.1527083333333,2475.326
2008-05-31,468.872875,2391.596
2008-06-01,810.5115217391304,2892.781
2008-06-02,903.4943333333331,3076.371
2008-06-03,775.738875,3254.814
2008-06-04,129.37379166666668,588.28
2008-06-05,752.7622083333332,3008.658
2008-06-06,917.5533181818181,2893.691
2008-06-07,771.5306666666665,3077.739
2008-06-08,352.61870833333336,1359.671
2008-06-09,673.0678333333334,2486.291
2008-06-10,826.1460416666665,3125.401
2008-06-11,875.1674166666667,3122.453
2008-06-12,571.3951249999999,2367.694
2008-06-13,878.6444999999999,3132.439
2008-06-14,473.8594583333334,2003.065
2008-06-15,638.7753749999999,2842.444
2008-06-16,470.83966666666674,2542.656
2008-06-17,412.0096249999999,1646.64
2008-06-18,891.1717916666666,3131.953
2008-06-19,899.8208333333332,3142.411
2008-06-20,678.0579999999999,2926.816
2008-06-21,648.4556249999999,2568.392
2008-06-22,837.9441666666667,2932.817
2008-06-23,755.5104999999999,2958.263
2008-06-24,586.7943333333333,2944.703
2008-06-25,866.1154583333333,3134.414
2008-06-26,868.9881666666666,3138.52
2008-06-27,603.514375,2674.135
2008-06-28,637.3588333333333,2321.932
2008-06-29,657.4687083333334,2374.268
2008-06-30,386.02358333333336,1730.367
2008-07-01,200.97433333333336,781.087
2008-07-02,761.7894166666665,2609.624
2008-07-03,713.7654999999999,2980.569
2008-07-04,807.2303333333333,3068.977
2008-07-05,422.5340833333334,1684.453
2008-07-06,715.2136666666665,2675.831
2008-07-07,702.3816250000001,2524.991
2008-07-08,567.043,2262.292
2008-07-09,644.3505,2577.971
2008-07-10,710.2979166666665,2495.598
2008-07-11,730.5450416666666,2759.262
2008-07-12,704.8276249999999,2736.432
2008-07-13,800.6345833333331,3000.382
2008-07-14,894.0460833333333,2983.692
2008-07-15,398.26795833333335,1697.527
2008-07-16,499.0360416666667,2618.535
2008-07-17,777.3780833333332,3055.923
2008-07-18,847.5873333333333,3121.395
2008-07-19,845.9218333333333,3165.51
2008-07-20,704.776125,2294.67
2008-07-21,675.5335833333334,2214.496
2008-07-22,850.0581666666668,3201.362
2008-07-23,863.4277916666668,3088.339
2008-07-24,749.2375416666667,3074.582
2008-07-25,277.63425,1375.382
2008-07-26,546.5541666666666,2314.307
2008-07-27,825.7273749999999,3214.302
2008-07-28,759.8761249999999,3008.01
2008-07-29,541.6389583333333,2752.998
2008-07-30,680.0434583333333,2832.81
2008-07-31,712.1320000000001,2986.08
2008-08-01,944.9895416666665,3382.922
2008-08-02,534.7432916666668,2670.474
2008-08-03,884.9275416666668,3448.128
2008-08-04,820.5591666666664,2811.608
2008-08-05,935.1531249999998,3441.593
2008-08-06,623.6521666666666,2279.3
2008-08-07,370.32329166666676,1728.771
2008-08-08,849.7263749999998,3101.696
2008-08-09,908.7823749999999,3368.985
2008-08-10,854.6603333333334,2952.355
2008-08-11,694.5494166666667,2927.14
2008-08-12,803.1384166666668,2964.502
2008-08-13,892.1987083333332,3328.618
2008-08-14,751.6458749999998,2732.589
2008-08-15,918.9455000000002,3214.829
2008-08-16,919.8047083333335,3629.088
2008-08-17,594.0709166666667,2483.148
2008-08-18,915.4031666666668,3457.218
2008-08-19,795.7913749999999,3382.115
2008-08-20,870.4870000000002,3457.735
2008-08-21,866.2753333333332,3088.69
2008-08-22,931.6965833333333,3421.135
2008-08-23,1037.79875,3556.446
2008-08-24,1011.7744583333332,3426.743
2008-08-25,666.5039583333333,2288.513
2008-08-26,529.395125,1914.412
2008-08-27,874.0773333333332,3426.654
2008-08-28,824.2766666666666,3466.949
2008-08-29,527.851,2376.26
2008-08-30,971.799875,3500.74
2008-08-31,908.804125,3338.58
2008-09-01,902.4975000000001,3608.224
2008-09-02,961.8425416666668,3543.11
2008-09-03,810.7962499999999,3077.608
2008-09-04,578.29975,2984.364
2008-09-05,989.5639583333333,3613.559
2008-09-06,946.0257083333335,3524.975
2008-09-07,811.9094999999999,2998.331
2008-09-08,805.0006666666665,3016.141
2008-09-09,912.5204166666666,3421.094
2008-09-10,843.5625833333334,3046.885
2008-09-11,888.0299583333334,3352.043
2008-09-12,1021.3806249999998,3570.169
2008-09-13,850.8772916666667,3224.25
2008-09-14,985.7020833333331,3485.804
2008-09-15,819.6107916666665,2677.378
2008-09-16,975.1408333333333,3197.405
2008-09-17,732.3079166666666,2903.139
2008-09-18,1006.997125,3554.875
2008-09-19,994.848125,3510.322
2008-09-20,1028.4762499999997,3622.239
2008-09-21,1052.8352916666665,3570.189
2008-09-22,1049.213083333333,3248.382
2008-09-23,947.9980434782611,3610.378
2008-09-24,1035.21525,3674.788
2008-09-25,948.4872916666667,3597.655
2008-09-26,1013.9844999999999,3346.539
2008-09-27,1013.7487083333332,3388.123
2008-09-28,677.4642083333334,2791.501
2008-09-29,793.4521666666668,3347.328
2008-09-30,926.5850833333335,3383.728
2008-10-01,997.7720416666665,3550.073
2008-10-02,645.1301666666666,2892.319
2008-10-03,803.0908333333333,2869.82
2008-10-04,846.538708333333,2918.102
2008-10-05,934.5268749999999,3264.19
2008-10-06,728.6007083333334,3253.608
2008-10-07,933.0892499999999,3186.447
2008-10-08,863.6789583333334,3066.34
2008-10-09,753.6390833333331,3093.528
2008-10-10,1006.7674999999999,3493.222
2008-10-11,957.0468333333334,3416.916
2008-10-12,891.94175,3326.677
2008-10-13,851.2190416666667,3132.246
2008-10-14,967.5497916666668,3132.712
2008-10-15,950.0815416666669,3734.914
2008-10-16,677.9786250000001,2307.692
2008-10-17,910.8485416666667,3559.621
2008-10-18,1005.2757499999999,3437.522
2008-10-19,1020.6237916666669,3484.015
2008-10-20,874.851875,2871.613
2008-10-21,1024.5846666666664,3640.615
2008-10-22,1086.210875,3750.315
2008-10-23,957.39275,3218.449
2008-10-24,933.3467083333331,3791.824
2008-10-25,1018.5325416666666,3620.529
2008-10-26,1029.4299583333332,3280.639
2008-10-27,1072.3049999999998,3487.855
2008-10-28,1098.3061666666667,3949.954
2008-10-29,951.5454166666667,3045.751
2008-10-30,957.24075,3516.868
2008-10-31,1086.9382916666666,3561.224
2008-11-01,944.9198749999999,3152.556
2008-11-02,852.172125,3450.586
2008-11-03,867.4300833333333,2940.156
2008-11-04,1041.1649166666668,3403.652
2008-11-05,908.8684166666666,3400.653
2008-11-06,1056.8852916666667,3507.282
2008-11-07,982.5670416666666,3258.558
2008-11-08,985.3435833333333,3815.294
2008-11-09,1122.785208333333,3778.239
2008-11-10,1141.5540833333337,3854.149
2008-11-11,722.3452916666665,2543.301
2008-11-12,908.6835416666667,2989.565
2008-11-13,1000.3094166666666,3590.562
2008-11-14,965.946375,3144.604
2008-11-15,964.6336666666667,3185.289
2008-11-16,848.5630833333333,2752.781
2008-11-17,1123.452,3949.81
2008-11-18,776.4761249999998,2540.85
2008-11-19,998.5823333333333,3597.634
2008-11-20,974.3527916666667,3266.451
2008-11-21,1008.9308333333333,3557.432
2008-11-22,1070.3576249999999,3614.359
2008-11-23,978.2049166666667,3219.851
2008-11-24,1108.9287500000003,3766.32
2008-11-25,778.8648749999999,2571.966
2008-11-26,852.9978333333332,2817.716
2008-11-27,1010.9934583333334,3329.607
2008-11-28,1005.3487500000001,3620.305
2008-11-29,781.8911666666667,2585.402
2008-11-30,974.2450000000002,3502.336
2008-12-01,1031.4776666666664,3688.318
2008-12-02,1036.5919166666665,3736.858
2008-12-03,1048.5283333333334,3362.226
2008-12-04,1103.0942499999999,3631.336
2008-12-05,1072.157875,3816.322
2008-12-06,1011.7736249999999,3539.58
2008-12-07,840.7905833333333,2835.03
2008-12-08,1023.060875,3632.845
2008-12-09,770.4219166666666,2328.974
2008-12-10,441.2542083333333,2686.603
2008-12-11,973.8512499999997,3526.237
2008-12-12,963.4072916666665,3598.775
2008-12-13,1064.383,3660.918
2008-12-14,960.7875416666666,3246.3
2008-12-15,1017.8693749999999,3484.518
2008-12-16,1100.2552083333333,3998.595
2008-12-17,853.8460416666666,3039.995
2008-12-18,1069.3865833333332,3630.108
2008-12-19,949.2594166666667,3276.203
2008-12-20,742.4000833333331,2737.284
2008-12-21,1033.7363333333333,3324.695
2008-12-22,943.3792083333333,3617.02
2008-12-23,866.1636666666668,2848.728
2008-12-24,994.56675,3472.412
2008-12-25,953.8795,3584.939
2008-12-26,984.4466666666667,3705.267
2008-12-27,921.8707916666666,3158.057
2008-12-28,889.7307916666667,3097.88
2008-12-29,829.6536666666666,2676.038
2008-12-30,688.3649166666665,2612.623
2008-12-31,1040.1341666666665,3321.638
2009-01-01,1047.2287083333333,3295.92
2009-01-02,1076.6542083333331,3597.876
2009-01-03,1092.961375,3673.154
2009-01-04,1070.7757916666667,3652.934
2009-01-05,1073.2027916666666,3604.756
2009-01-06,960.6524166666665,3453.709
2009-01-07,1101.7301666666665,3810.251
2009-01-08,953.3905416666668,3234.818
2009-01-09,766.7822916666665,2644.715
2009-01-10,1078.1582916666666,3721.199
2009-01-11,1041.484416666667,3415.978
2009-01-12,1087.1720833333334,3770.459
2009-01-13,948.0669999999997,3529.132
2009-01-14,760.870375,3023.752
2009-01-15,1040.74675,3468.248
2009-01-16,423.82633333333337,1936.1
2009-01-17,890.6759999999999,3114.453
2009-01-18,1106.4715416666666,3697.6
2009-01-19,993.0063749999999,3404.038
2009-01-20,862.8331666666667,2659.399
2009-01-21,659.2727916666666,2857.683
2009-01-22,980.6259166666669,3707.004
2009-01-23,947.7128749999998,3467.555
2009-01-24,1001.0417916666667,3688.48
2009-01-25,1117.0765833333335,3591.061
2009-01-26,1021.7667083333331,3663.555
2009-01-27,941.4889999999999,3166.937
2009-01-28,912.836347826087,3675.485
2009-01-29,751.0688749999999,3258.274
2009-01-30,466.5610833333333,2095.655
2009-01-31,982.7458750000001,3636.01
2009-02-01,787.4259166666666,2825.144
2009-02-02,889.5441666666666,3171.115
2009-02-03,270.4411666666667,1362.828
2009-02-04,799.0573333333335,2942.827
2009-02-05,514.0458749999999,1824.132
2009-02-06,1158.5509583333335,3873.659
2009-02-07,969.1353750000002,3416.219
2009-02-08,947.1214999999999,3226.321
2009-02-09,960.0019166666666,3387.475
2009-02-10,831.7527916666667,3106.218
2009-02-11,715.9458333333336,2981.182
2009-02-12,768.4606666666667,2771.633
2009-02-13,965.1849583333332,3656.961
2009-02-14,876.1740416666667,2938.405
2009-02-15,780.466333333333,3388.016
2009-02-16,832.200875,3011.005
2009-02-17,925.4721249999999,2996.304
2009-02-18,981.7386249999996,3321.558
2009-02-19,938.5563749999998,3784.103
2009-02-20,297.7166666666667,1355.359
2009-02-21,1073.231,3747.916
2009-02-22,395.57741666666675,2274.781
2009-02-23,523.1710416666667,1583.387
2009-02-24,981.8878749999999,3411.121
2009-02-25,692.6958750000002,2970.572
2009-02-26,1031.9219583333334,3720.144
2009-02-27,1035.9260416666668,3900.766
2009-02-28,603.4161666666668,1821.509
2009-03-01,305.63675,1263.883
2009-03-02,570.62125,3230.751
2009-03-03,805.1713749999999,3049.039
2009-03-04,1099.1705416666666,3513.676
2009-03-05,932.3155416666668,3319.521
2009-03-06,978.7513333333332,3291.463
2009-03-07,973.5674583333333,3568.521
2009-03-08,873.7503333333333,2944.51
2009-03-09,1002.3972499999999,3566.008
2009-03-10,1142.2878333333335,3840.492
2009-03-11,964.3808333333333,3292.579
2009-03-12,969.239625,3672.089
2009-03-13,935.0347083333335,3761.818
2009-03-14,1091.147541666667,3740.964
2009-03-15,1031.0441666666668,3717.014
2009-03-16,852.9923333333331,3527.754
2009-03-17,1000.6753749999999,3928.525
2009-03-18,1057.7843333333333,3844.766
2009-03-19,1108.006625,3821.344
2009-03-20,1014.0829583333333,3314.744
2009-03-21,942.4680416666666,3303.61
2009-03-22,992.4280416666666,3527.261
2009-03-23,951.6135833333334,3561.372
2009-03-24,1080.0255416666662,3769.215
2009-03-25,790.1012916666667,3221.482
2009-03-26,970.33775,3316.66
2009-03-27,1003.2359166666665,3806.17
2009-03-28,1009.9378333333333,3619.154
2009-03-29,1001.9584583333334,3928.828
2009-03-30,1009.5412083333334,3356.724
2009-03-31,979.7010416666666,3499.516
2009-04-01,1069.3764999999999,3725.849
2009-04-02,1029.2077916666665,3627.906
2009-04-03,997.2255416666666,3733.925
2009-04-04,1070.4003750000002,3597.452
2009-04-05,979.0386249999998,3675.264
2009-04-06,542.9047916666666,2330.898
2009-04-07,1013.0638333333332,3572.289
2009-04-08,1024.8775416666665,3462.823
2009-04-09,918.336875,3490.55
2009-04-10,462.9035833333333,1752.738
2009-04-11,677.0984166666667,2746.784
2009-04-12,454.8812500000001,2535.235
2009-04-13,611.6005000000001,2766.29
2009-04-14,526.5304166666666,2998.248
2009-04-15,999.196,3569.128
2009-04-16,884.5820416666664,3154.593
2009-04-17,956.1150000000002,3379.737
2009-04-18,543.857625,2380.028
2009-04-19,875.0001249999999,3342.737
2009-04-20,438.2180416666666,2006.167
2009-04-21,800.2442499999999,3460.937
2009-04-22,409.0587083333334,1364.245
2009-04-23,882.3774166666666,3441.979
2009-04-24,554.1676249999999,2002.965
2009-04-25,797.6754166666668,3180.573
2009-04-26,942.1535,3407.354
2009-04-27,434.2567916666667,1601.546
2009-04-28,685.4612499999998,3521.801
2009-04-29,727.8753750000002,3007.689
2009-04-30,669.0200416666668,2958.635
2009-05-01,785.5471666666666,3445.005
2009-05-02,551.5030416666667,2006.326
2009-05-03,130.44916666666663,539.578
2009-05-04,917.4415833333333,3192.527
2009-05-05,620.2907499999998,2409.554
2009-05-06,891.1560833333332,3375.469
2009-05-07,858.2104583333335,3069.535
2009-05-08,668.0567916666666,2654.759
2009-05-09,904.191375,3294.896
2009-05-10,927.5862916666666,3222.013
2009-05-11,198.54658333333336,799.736
2009-05-12,895.8827083333332,3308.66
2009-05-13,698.6432083333333,3367.827
2009-05-14,876.2962083333332,3420.239
2009-05-15,785.7158749999999,3068.718
2009-05-16,201.45795833333332,1058.959
2009-05-17,712.470875,3286.109
2009-05-18,849.1350000000001,2717.525
2009-05-19,712.9779166666666,2634.012
2009-05-20,907.275,3251.422
2009-05-21,529.87125,2169.648
2009-05-22,360.3817083333334,1242.329
2009-05-23,253.99579166666672,1539.049
2009-05-24,449.466625,1961.753
2009-05-25,843.4413333333333,3195.885
2009-05-26,145.11295833333332,624.311
2009-05-27,179.95770833333333,783.824
2009-05-28,825.1029166666664,2949.125
2009-05-29,703.4601666666667,2737.104
2009-05-30,741.8010416666666,2966.66
2009-05-31,825.6291249999999,3318.79
2009-06-01,262.14687499999997,1006.713
2009-06-02,824.8689166666667,3332.606
2009-06-03,803.1359166666666,2915.6
2009-06-04,368.2639166666666,1281.673
2009-06-05,597.0178333333332,2226.616
2009-06-06,679.7886666666667,2649.379
2009-06-07,781.7940416666665,2822.996
2009-06-08,778.7133333333333,2833.858
2009-06-09,668.5187083333333,2862.744
2009-06-10,300.58725000000004,1166.361
2009-06-11,854.8868333333331,3045.913
2009-06-12,466.07779166666666,1823.184
2009-06-13,679.4786250000001,2356.733
2009-06-14,613.0024999999998,2754.674
2009-06-15,758.64125,3047.406
2009-06-16,765.3712499999998,2867.232
2009-06-17,897.4214999999999,3107.938
2009-06-18,867.5502916666668,3092.558
2009-06-19,634.3089166666667,2334.893
2009-06-20,779.2970833333333,3061.883
2009-06-21,775.8494583333332,3074.54
2009-06-22,481.46125,2287.107
2009-06-23,557.6532916666665,1844.704
2009-06-24,458.6135416666666,2038.031
2009-06-25,335.034875,1986.909
2009-06-26,812.5901249999998,3137.265
2009-06-27,853.2390416666666,3069.135
2009-06-28,768.4177916666666,3143.59
2009-06-29,655.7869583333332,2975.732
2009-06-30,870.8093749999998,3104.481
2009-07-01,459.2073333333333,2420.643
2009-07-02,801.8684166666667,2879.348
2009-07-03,794.3639166666668,3055.503
2009-07-04,260.23616666666663,1619.763
2009-07-05,513.5556250000001,2047.483
2009-07-06,174.05079166666667,937.86
2009-07-07,558.3797083333333,2813.462
2009-07-08,769.8402916666665,2745.56
2009-07-09,764.729375,3089.352
2009-07-10,741.5548750000002,2720.876
2009-07-11,827.3180416666665,3098.835
2009-07-12,669.3369583333333,3226.515
2009-07-13,657.0042500000001,2700.977
2009-07-14,794.7542083333332,3037.782
2009-07-15,807.8698333333332,2981.913
2009-07-16,493.9090416666666,2859.745
2009-07-17,617.1849583333334,2949.684
2009-07-18,321.6491666666666,1629.749
2009-07-19,777.9519583333332,2904.204
2009-07-20,579.7921249999999,2680.794
2009-07-21,374.4781666666667,1653.188
2009-07-22,658.0112083333333,2447.058
2009-07-23,789.7991666666663,3036.775
2009-07-24,847.344125,2964.506
2009-07-25,461.0835833333333,1875.102
2009-07-26,797.5635000000001,3133.353
2009-07-27,791.5243749999998,2900.274
2009-07-28,953.1259166666667,3272.921
2009-07-29,861.4667083333334,3192.465
2009-07-30,762.7759166666666,2997.972
2009-07-31,796.838875,3167.412
2009-08-01,685.6931666666668,2848.645
2009-08-02,828.5704583333331,2950.604
2009-08-03,903.0314583333333,3196.622
2009-08-04,765.1718333333332,2904.332
2009-08-05,742.7160416666667,2827.901
2009-08-06,638.0626250000001,2758.617
2009-08-07,780.5547916666668,2647.128
2009-08-08,944.9160416666665,3267.123
2009-08-09,379.7681666666667,1554.946
2009-08-10,958.9050416666664,3410.301
2009-08-11,700.8598750000001,2849.362
2009-08-12,939.1808333333332,3375.321
2009-08-13,759.4054166666668,2996.266
2009-08-14,885.3763749999999,3118.245
2009-08-15,934.2874166666667,3300.159
2009-08-16,1027.9904583333334,3516.837
2009-08-17,912.9143333333333,3162.145
2009-08-18,1015.5708333333331,3592.65
2009-08-19,903.4208333333332,3332.01
2009-08-20,881.2437916666668,3063.803
2009-08-21,943.0237083333335,3187.633
2009-08-22,838.3290416666664,3682.872
2009-08-23,865.4502916666665,3259.085
2009-08-24,918.0653333333333,3425.709
2009-08-25,632.9420000000001,3236.345
2009-08-26,599.6785833333332,3231.392
2009-08-27,1032.5853333333332,3545.816
2009-08-28,989.93075,3491.071
2009-08-29,1046.2831666666668,3668.26
2009-08-30,1070.9089583333332,3527.161
2009-08-31,984.9521666666665,3608.199
2009-09-01,764.2610833333333,3010.24
2009-09-02,789.3825,2808.495
2009-09-03,698.0595833333333,2567.682
2009-09-04,813.2302083333333,2774.384
2009-09-05,856.519875,3363.88
2009-09-06,866.9593749999999,3118.196
2009-09-07,827.6752916666668,2971.372
2009-09-08,840.8420416666667,2899.54
2009-09-09,787.7221666666666,2965.409
2009-09-10,1001.7270833333333,3219.452
2009-09-11,810.8232916666667,3207.497
2009-09-12,594.7147083333333,2593.755
2009-09-13,1019.41775,3606.017
2009-09-14,709.5722916666665,3034.345
2009-09-15,825.8735833333332,2839.292
2009-09-16,673.1197083333333,2488.646
2009-09-17,814.8704583333333,2790.933
2009-09-18,904.7187916666666,2797.706
2009-09-19,1070.9352500000002,3791.362
2009-09-20,799.9750833333333,3608.079
2009-09-21,1076.7027083333332,3777.774
2009-09-22,904.4217916666666,3336.953
2009-09-23,886.9307499999999,3203.816
2009-09-24,977.136708333333,3412.948
2009-09-25,1101.8635833333333,3830.058
2009-09-26,982.1577083333333,3607.1
2009-09-27,801.5642916666667,3313.83
2009-09-28,546.4225416666667,2227.105
2009-09-29,856.3527916666667,2767.662
2009-09-30,1082.7125,3657.667
2009-10-01,973.7354166666669,3147.689
2009-10-02,1123.4031249999998,3767.781
2009-10-03,1093.9100833333332,3736.679
2009-10-04,1049.5973333333332,3466.094
2009-10-05,949.031333333333,2895.831
2009-10-06,840.9100833333335,2639.768
2009-10-07,1044.7759999999996,2550.95
2009-10-08,1162.3537083333333,3888.484
2009-10-09,1120.894458333333,3876.896
2009-10-10,1048.0199583333333,3623.108
2009-10-11,1089.1316,3074.309
2009-10-12,1042.8320833333332,3871.067
2009-10-13,1147.708208333333,4214.369
2009-10-14,1076.285458333333,3760.146
2009-10-15,1066.6842083333333,3476.959
2009-10-16,932.401875,3167.895
2009-10-17,996.9852500000001,3235.59
2009-10-18,932.225,3865.886
2009-10-19,1124.5769166666666,3980.464
2009-10-20,1099.3836666666666,3648.019
2009-10-21,1029.1252916666665,3335.35
2009-10-22,1081.6140416666667,3988.395
2009-10-23,976.6852916666667,3755.937
2009-10-24,1024.7015000000001,3915.385
2009-10-25,1031.0882083333333,3643.028
2009-10-26,1046.609125,3787.922
2009-10-27,1044.3968333333332,3861.598
2009-10-28,1087.8605416666667,3923.968
2009-10-29,1122.6777916666665,3791.259
2009-10-30,1148.194,3836.152
2009-10-31,874.685875,3276.237
2009-11-01,913.2541249999999,3517.261
2009-11-02,975.5368333333332,3399.805
2009-11-03,1053.9268333333332,3503.449
2009-11-04,898.2559166666664,3165.896
2009-11-05,942.694625,3578.18
2009-11-06,1022.1132499999999,3655.726
2009-11-07,1162.4126666666666,3833.25
2009-11-08,940.4435416666664,3375.924
2009-11-09,949.3936666666665,3418.722
2009-11-10,1096.883916666667,3771.29
2009-11-11,932.0197916666666,3525.454
2009-11-12,951.8677083333332,3223.395
2009-11-13,1183.5193043478262,3812.034
2009-11-14,1108.1493750000002,3576.011
2009-11-15,1126.6384583333333,3818.755
2009-11-16,1097.8817083333333,3486.61
2009-11-17,1075.9049583333335,3715.859
2009-11-18,994.960125,3630.495
2009-11-19,1023.2929999999998,3242.216
2009-11-20,1070.4702083333334,3758.581
2009-11-21,824.9686249999999,3064.481
2009-11-22,911.2983333333333,2860.127
2009-11-23,867.6794166666665,3300.259
2009-11-24,1076.3395833333332,3706.118
2009-11-25,981.8485416666664,3513.294
2009-11-26,1017.547125,3629.826
2009-11-27,1110.9262083333335,3691.041
2009-11-28,882.7062916666665,3257.203
2009-11-29,885.0676666666668,3549.608
2009-11-30,799.7317499999998,2815.141
2009-12-01,1038.0357916666665,3543.258
2009-12-02,971.1080833333334,3351.85
2009-12-03,545.3653333333333,2221.907
2009-12-04,941.5910416666666,3523.297
2009-12-05,1016.276375,3756.447
2009-12-06,898.7762916666666,3215.508
2009-12-07,867.2549166666664,3197.818
2009-12-08,1069.3484583333332,3481.922
2009-12-09,1096.4404166666668,3613.887
2009-12-10,900.1345416666665,3110.765
2009-12-11,822.4567916666666,2894.277
2009-12-12,779.2973333333333,2489.238
2009-12-13,1015.2101666666666,3644.624
2009-12-14,933.6371666666668,3572.396
2009-12-15,993.6767916666669,3590.64
2009-12-16,921.3085416666667,3603.722
2009-12-17,916.1052916666667,3399.688
2009-12-18,877.2349583333335,3300.277
2009-12-19,797.5936666666665,3007.896
2009-12-20,839.6910416666666,2787.654
2009-12-21,794.7750416666667,3114.822
2009-12-22,792.1137083333334,3039.067
2009-12-23,977.553875,3604.232
2009-12-24,690.4110416666667,2962.051
2009-12-25,711.0875833333333,2259.021
2009-12-26,823.0622916666666,3429.011
2009-12-27,832.9951249999999,3099.052
2009-12-28,725.0330416666667,3071.138
2009-12-29,1005.6815416666665,3539.753
2009-12-30,1112.2273750000002,3702.826
2009-12-31,1130.5544583333333,3681.72
2010-01-01,861.0715833333334,3261.464
2010-01-02,741.0924166666665,2148.014
2010-01-03,955.2379166666668,3829.934
2010-01-04,1021.593625,3665.206
2010-01-05,849.7716249999997,2691.845
2010-01-06,795.5454166666667,2956.154
2010-01-07,907.3718750000002,3215.725
2010-01-08,821.0836666666665,3199.514
2010-01-09,619.7920416666667,2266.223
2010-01-10,386.51645833333333,1369.915
2010-01-11,676.4587499999999,2811.47
2010-01-12,769.106875,2876.652
2010-01-13,957.3859047619046,3020.764
2010-01-14,1008.5089583333333,3226.094
2010-01-15,798.913,2875.753
2010-01-16,992.2957083333334,3462.908
2010-01-17,212.64641666666662,1341.075
2010-01-18,939.1632916666666,3592.585
2010-01-19,868.5938750000001,3846.1
2010-01-20,497.39062499999994,2228.391
2010-01-21,990.4156666666664,3834.012
2010-01-22,908.1156666666665,3047.795
2010-01-23,638.8939166666667,2199.664
2010-01-24,967.9565416666666,3637.778
2010-01-25,1093.8414166666666,3507.513
2010-01-26,1034.806125,3421.91
2010-01-27,720.9631666666664,3212.992
2010-01-28,972.1581666666667,3540.142
2010-01-29,891.5858333333335,3579.341
2010-01-30,948.8507916666666,3538.398
2010-01-31,821.3523749999999,3298.639
2010-02-01,720.1851666666665,2750.754
2010-02-02,795.9311666666667,2637.459
2010-02-03,964.2329166666665,3501.312
2010-02-04,930.5387916666667,3136.534
2010-02-05,952.6676666666667,3494.042
2010-02-06,943.7634583333335,3446.684
2010-02-07,871.30125,3517.43
2010-02-08,925.3883333333333,3544.289
2010-02-09,842.9571666666665,3254.494
2010-02-10,679.3040833333333,2334.503
2010-02-11,914.1434166666664,3775.44
2010-02-12,818.9050416666665,3256.827
2010-02-13,925.2717916666667,3913.137
2010-02-14,906.2775833333335,3474.284
2010-02-15,578.88775,2466.568
2010-02-16,817.7133749999998,3539.111
2010-02-17,548.7362916666667,2396.535
2010-02-18,482.5923749999999,2196.944
2010-02-19,970.1287083333335,3221.423
2010-02-20,989.1916666666666,3183.413
2010-02-21,975.2460833333331,3658.391
2010-02-22,488.4230416666667,1849.895
2010-02-23,951.0600000000001,3259.426
2010-02-24,1022.2287499999999,3652.99
2010-02-25,926.4346666666665,3786.746
2010-02-26,1102.546125,3722.543
2010-02-27,1162.7690833333331,3823.626
2010-02-28,1098.9585416666669,3703.226
2010-03-01,1176.0891666666666,3798.194
2010-03-02,1180.4924166666665,3958.372
2010-03-03,1088.5451249999999,3751.87
2010-03-04,1115.726625,3931.072
2010-03-05,1155.15475,3819.145
2010-03-06,974.9889999999999,3489.309
2010-03-07,1098.9683333333332,3869.03
2010-03-08,1117.748,3741.477
2010-03-09,964.8401249999998,3563.316
2010-03-10,1119.1587083333332,3784.616
2010-03-11,1121.0952916666665,3927.728
2010-03-12,1147.8279166666666,3785.161
2010-03-13,1090.6654583333332,3729.506
2010-03-14,956.0105,3000.444
2010-03-15,947.9413333333332,3810.327
2010-03-16,876.0772499999999,2823.579
2010-03-17,789.2632083333333,3168.912
2010-03-18,991.3845416666667,3583.905
2010-03-19,818.8735000000001,3786.229
2010-03-20,681.0794999999999,2320.929
2010-03-21,587.6924166666666,2573.597
2010-03-22,761.923375,2738.056
2010-03-23,809.1518333333333,3696.908
2010-03-24,940.7821666666669,3272.294
2010-03-25,666.2752083333334,2653.363
2010-03-26,799.2764999999999,3365.407
2010-03-27,752.7746249999999,2818.188
2010-03-28,752.4661249999999,2881.774
2010-03-29,874.1397499999999,3083.596
2010-03-30,1020.2412916666666,3626.593
2010-03-31,992.2934583333334,3194.196
2010-04-01,841.5191249999999,3495.035
2010-04-02,930.60925,3246.142
2010-04-03,882.3845833333334,2942.176
2010-04-04,957.5104166666666,3298.239
2010-04-05,794.2910416666665,3080.786
2010-04-06,758.322125,3393.852
2010-04-07,1013.6909999999998,3431.493
2010-04-08,842.0522499999998,3222.24
2010-04-09,282.52591666666666,1380.501
2010-04-10,323.07775,1370.243
2010-04-11,957.2950833333334,3381.36
2010-04-12,1012.5406250000001,3552.637
2010-04-13,906.1919166666667,3268.495
2010-04-14,890.7985416666667,2820.266
2010-04-15,873.7695833333333,3034.086
2010-04-16,1014.3309166666664,3361.936
2010-04-17,464.75925,2495.922
2010-04-18,248.0259166666667,1436.735
2010-04-19,848.83925,3053.362
2010-04-20,782.0056666666668,2574.438
2010-04-21,682.413,2190.729
2010-04-22,855.8339166666666,3088.383
2010-04-23,791.4997083333333,3111.592
2010-04-24,923.1644166666666,3621.157
2010-04-25,866.8070833333331,3294.872
2010-04-26,887.2898749999998,3491.753
2010-04-27,848.312708333333,3297.474
2010-04-28,891.3294999999998,3523.845
2010-04-29,890.7547916666667,3095.419
2010-04-30,910.6856666666666,3474.339
2010-05-01,1004.8524166666666,3479.772
2010-05-02,925.775833333333,3312.596
2010-05-03,661.0927916666666,3283.145
2010-05-04,851.5606250000001,3038.636
2010-05-05,508.1177916666666,2412.684
2010-05-06,845.7617916666667,2910.87
2010-05-07,985.0228749999998,3350.454
2010-05-08,767.9593333333332,2869.134
2010-05-09,1003.4089166666666,3451.31
2010-05-10,957.1610416666667,3340.017
2010-05-11,931.6951666666668,3360.165
2010-05-12,682.6827916666667,3041.06
2010-05-13,817.7139999999999,3144.559
2010-05-14,796.9079166666666,3113.078
2010-05-15,860.4376249999999,3053.014
2010-05-16,832.8491250000002,3347.824
2010-05-17,704.8968749999999,2739.479
2010-05-18,827.5652916666664,2908.364
2010-05-19,916.1313333333333,3005.545
2010-05-20,893.3173333333334,3199.056
2010-05-21,980.7726818181818,3072.424
2010-05-22,1620.996846153846,3138.909
2010-05-23,1515.6558461538466,2842.52
2010-05-24,1258.7251333333331,2968.294
2010-05-25,460.5562916666667,2304.466
2010-05-26,774.9079999999999,3089.8
2010-05-27,839.5687916666666,3231.616
2010-05-28,906.2623333333331,3219.876
2010-05-29,787.2072083333333,2961.159
2010-05-30,877.0386249999998,3198.839
2010-05-31,206.8144583333333,1318.414
2010-06-01,864.4704583333332,3278.929
2010-06-02,882.0454583333332,3097.794
2010-06-03,774.5701666666665,3027.196
2010-06-04,336.164875,1489.443
2010-06-05,659.0919583333333,2108.15
2010-06-06,883.7691666666666,3052.542
2010-06-07,869.1196666666666,3158.188
2010-06-08,863.0648333333332,3101.996
2010-06-09,906.0010833333334,3220.734
2010-06-10,738.1263750000002,2881.309
2010-06-11,729.5774583333333,2912.129
2010-06-12,893.7930833333331,3036.155
2010-06-13,554.0460833333333,2133.141
2010-06-14,313.2442916666666,1334.222
2010-06-15,-2.594,-2.155
2010-06-16,1091.2349090909092,2329.467
2010-06-17,311.065875,1632.817
2010-06-18,613.3535416666666,2960.004
2010-06-19,2104.996,3159.746
2010-06-20,2652.1862,3025.148
2010-06-21,2410.447,2886.497
2010-06-22,2238.108333333333,3196.936
2010-06-23,2512.525,2984.912
2010-06-24,2586.0589999999997,3261.264
2010-06-25,1936.2303333333332,2785.59
2010-06-26,2427.2523333333334,3141.088
2010-06-27,2211.3140000000003,3122.384
2010-06-28,1715.435,1715.435
2010-06-29,2820.33,2820.33
2010-06-30,1875.802,1875.802
2010-07-01,,
2010-07-02,1642.975,2111.607
2010-07-03,2585.178,2585.178
2010-07-04,2658.5832,3191.417
2010-07-05,1452.4723,3110.951
2010-07-06,1121.4747777777777,3195.488
2010-07-07,1195.18,2543.36
2010-07-08,1776.441875,3226.721
2010-07-09,,
2010-07-10,2076.2341428571426,2690.063
2010-07-11,2181.8986250000003,2875.47
2010-07-12,1894.7582222222222,2951.666
2010-07-13,2257.6497142857143,3147.765
2010-07-14,2269.3247499999998,2981.044
2010-07-15,2099.1225,3083.623
2010-07-16,,
2010-07-17,,
2010-07-18,2305.0868,2935.237
2010-07-19,2006.4498750000002,3277.099
2010-07-20,2466.3575,3329.121
2010-07-21,1962.943,2480.817
2010-07-22,,
2010-07-23,1762.4862,2586.858
2010-07-24,2085.586,2392.43
2010-07-25,1769.246,1769.246
2010-07-26,1456.465,2202.446
2010-07-27,2148.956333333333,2235.409
2010-07-28,2437.1096666666667,3179.966
2010-07-29,2910.381,3271.201
2010-07-30,2303.6824285714288,3154.61
2010-07-31,1758.267,1758.267
2010-08-01,2739.2372499999997,3175.437
2010-08-02,1521.9592,1770.142
2010-08-03,2231.684333333333,2820.987
2010-08-04,2585.8028,3243.284
2010-08-05,2297.23,2695.01
2010-08-06,1492.304,1660.362
2010-08-07,2074.1235714285713,3044.71
2010-08-08,2758.9648571428575,3483.86
2010-08-09,1348.1493333333335,1586.769
2010-08-10,2496.829125,3452.789
2010-08-11,2962.202,3358.141
2010-08-12,1309.693,2195.624
2010-08-13,2407.7655,3378.272
2010-08-14,2941.6728333333335,3353.319
2010-08-15,2631.7753749999997,3515.317
2010-08-16,2674.4135714285717,3374.335
2010-08-17,2562.297142857143,3414.668
2010-08-18,1962.0310000000002,2817.66
2010-08-19,2711.7461666666663,3176.595
2010-08-20,2776.705,3403.362
2010-08-21,2574.2226666666666,3003.777
2010-08-22,1982.655,2115.526
2010-08-23,2517.185,2939.332
2010-08-24,2841.623,3184.179
2010-08-25,2304.304,3057.891
2010-08-26,2427.49675,3013.542
2010-08-27,2696.828,3389.012
2010-08-28,2684.4775,3119.058
2010-08-29,2306.8408,2986.49
2010-08-30,2648.179,3480.526
2010-08-31,2095.554,3327.77
2010-09-01,2598.3397142857143,3456.728
2010-09-02,2611.3095714285714,3127.824
2010-09-03,3043.1978571428567,3523.08
2010-09-04,2321.5516666666667,2632.313
2010-09-05,2715.4703999999997,3768.881
2010-09-06,1692.2251111111111,3626.203
2010-09-07,1016.9169999999999,3527.74
2010-09-08,610.584875,2558.633
2010-09-09,460.5585833333334,1942.836
2010-09-10,962.4750833333333,3191.111
2010-09-11,817.5001666666666,3374.111
2010-09-12,947.2746666666667,3454.908
2010-09-13,1042.8592500000002,3506.624
2010-09-14,775.9940000000001,3207.66
2010-09-15,982.6595416666665,3381.65
2010-09-16,1033.306916666667,3625.393
2010-09-17,877.7551666666668,3614.142
2010-09-18,1025.3046249999998,3550.173
2010-09-19,563.9395833333333,1922.829
2010-09-20,971.0690833333332,3145.714
2010-09-21,838.0603749999999,3091.992
2010-09-22,967.5982083333334,3472.116
2010-09-23,1056.7258333333332,3638.426
2010-09-24,754.3630416666668,3094.747
2010-09-25,941.5184583333333,3590.027
2010-09-26,896.2977499999997,3196.085
2010-09-27,1008.3553333333333,3415.241
2010-09-28,787.297625,2970.041
2010-09-29,978.4148749999999,3585.225
2010-09-30,1116.818375,3818.028
2010-10-01,967.5323750000001,3328.173
2010-10-02,1045.5250833333332,3662.769
2010-10-03,1008.0439166666665,3586.414
2010-10-04,1046.3339999999998,3656.471
2010-10-05,1038.2253333333333,3637.326
2010-10-06,1056.505125,3482.908
2010-10-07,1077.5234166666667,3813.692
2010-10-08,1074.9172083333333,3641.501
2010-10-09,1117.9009999999998,3854.352
2010-10-10,892.8428333333331,3619.647
2010-10-11,917.5772083333333,3207.611
2010-10-12,892.5737083333332,2853.254
2010-10-13,990.9187083333333,3518.278
2010-10-14,919.8563749999998,3345.274
2010-10-15,1001.1100416666667,3623.804
2010-10-16,941.5092500000002,3014.749
2010-10-17,899.5513333333333,3319.407
2010-10-18,1025.242833333333,3681.362
2010-10-19,1019.6247916666663,3755.382
2010-10-20,1130.9997083333335,3898.112
2010-10-21,1098.0999166666666,3661.462
2010-10-22,963.6957083333332,3289.239
2010-10-23,273.88812499999995,756.341
2010-10-24,923.4935,3384.552
2010-10-25,844.6536666666669,2975.915
2010-10-26,1104.5068333333334,3875.555
2010-10-27,633.7684166666667,3012.799
2010-10-28,1022.557208333333,3802.437
2010-10-29,1053.3922083333334,3680.738
2010-10-30,1009.8955833333334,3476.831
2010-10-31,970.9329166666668,3841.392
2010-11-01,1128.8624166666666,3794.802
2010-11-02,1099.1904583333335,3675.795
2010-11-03,935.3319999999999,2996.631
2010-11-04,880.9519999999999,3274.497
2010-11-05,890.9557083333333,3131.019
2010-11-06,1043.6555833333334,3647.795
2010-11-07,787.8256666666666,3264.618
2010-11-08,1042.0752499999999,3572.902
2010-11-09,1138.0426666666665,3810.007
2010-11-10,710.6644583333332,3098.49
2010-11-11,768.3408333333332,2994.694
2010-11-12,1080.0860833333334,3753.424
2010-11-13,1040.6974583333333,3790.738
2010-11-14,1014.2126249999998,3412.435
2010-11-15,856.8514999999999,3436.691
2010-11-16,1160.4247500000001,3816.904
2010-11-17,1169.864125,3906.291
2010-11-18,1043.805833333333,3787.401
2010-11-19,837.0652916666667,2758.103
2010-11-20,1173.7090416666665,3913.158
2010-11-21,1141.860125,3740.433
2010-11-22,980.5820833333332,3344.825
2010-11-23,785.0544166666665,2545.866
2010-11-24,1009.7561666666667,3620.822
2010-11-25,1098.7609166666664,4067.293
2010-11-26,888.79175,3363.456
2010-11-27,1098.7179166666667,3848.758
2010-11-28,1054.536,3828.769
2010-11-29,982.2136666666662,3197.718
2010-11-30,994.4686666666665,3466.825
2010-12-01,1014.0949583333332,3629.281
2010-12-02,996.3454166666666,3455.519
2010-12-03,977.0010416666665,3542.769
2010-12-04,924.0542083333331,3264.793
2010-12-05,847.0140833333334,3116.459
2010-12-06,1091.21625,3744.872
2010-12-07,1104.992625,3509.498
2010-12-08,750.8833333333333,3358.617
2010-12-09,1069.1995833333333,3474.349
2010-12-10,726.9111250000001,2379.662
2010-12-11,1043.8746250000002,3601.081
2010-12-12,1134.6737916666668,3799.752
2010-12-13,963.7353333333331,3669.449
2010-12-14,990.8804166666665,3480.302
2010-12-15,996.9352083333333,3679.3
2010-12-16,636.4641250000001,2655.338
2010-12-17,851.0510833333334,3345.318
2010-12-18,931.7292083333332,3218.821
2010-12-19,809.9440416666666,2964.609
2010-12-20,880.143375,3360.237
2010-12-21,862.5915833333332,3358.841
2010-12-22,835.9374583333334,2703.186
2010-12-23,805.1589999999998,2804.548
2010-12-24,760.2758333333333,2712.024
2010-12-25,943.490913043478,3594.922
2010-12-26,965.5004166666668,3326.901
2010-12-27,971.6230833333334,3548.449
2010-12-28,1164.0772916666663,3863.366
2010-12-29,1139.3692916666666,3764.062
2010-12-30,824.5445416666668,3444.212
2010-12-31,875.6834999999998,3415.802
2011-01-01,911.1280833333332,3025.728
2011-01-02,980.0028749999998,3245.421
2011-01-03,1042.2095416666668,3441.058
2011-01-04,732.9247083333335,2915.362
2011-01-05,1126.7650416666665,3649.518
2011-01-06,547.0799583333333,2333.865
2011-01-07,968.2811249999999,3681.052
2011-01-08,1106.2900416666666,3588.455
2011-01-09,876.8377499999997,3480.682
2011-01-10,852.2424583333332,3045.158
2011-01-11,940.067833333333,3127.989
2011-01-12,840.483625,3330.021
2011-01-13,923.7027499999998,3615.055
2011-01-14,823.3935833333334,2991.034
2011-01-15,1050.0267083333335,3735.61
2011-01-16,1065.399625,3618.044
2011-01-17,801.0205,3052.359
2011-01-18,902.8455833333334,3688.828
2011-01-19,762.8473333333332,2960.514
2011-01-20,557.022375,2911.701
2011-01-21,743.1474166666667,3366.828
2011-01-22,629.42225,2706.343
2011-01-23,678.9062083333334,2715.044
2011-01-24,584.2730416666667,1714.466
2011-01-25,763.3867083333331,3327.79
2011-01-26,1135.0417083333334,3887.274
2011-01-27,921.6477916666668,3228.628
2011-01-28,1053.2178333333331,3764.469
2011-01-29,999.3136249999999,3605.735
2011-01-30,802.7548333333331,2959.78
2011-01-31,994.1205833333332,3726.569
2011-02-01,985.2505,3250.481
2011-02-02,985.7678749999999,3281.942
2011-02-03,956.2725416666667,3436.374
2011-02-04,1050.0388333333333,3647.857
2011-02-05,984.8270000000002,3187.481
2011-02-06,972.2437083333335,3225.66
2011-02-07,1092.7485416666666,3744.424
2011-02-08,1114.5915,3876.613
2011-02-09,1088.07075,3733.001
2011-02-10,919.4735416666666,2940.38
2011-02-11,981.8965833333333,3150.533
2011-02-12,932.0765,3269.271
2011-02-13,496.88525,2632.33
2011-02-14,965.7577083333332,3820.596
2011-02-15,956.8001250000001,3427.505
2011-02-16,961.2900416666668,2942.11
2011-02-17,1059.9004166666666,3466.187
2011-02-18,1030.2689583333333,3898.394
2011-02-19,843.9760833333333,3331.961
2011-02-20,212.31095833333333,983.777
2011-02-21,1014.0594583333333,3621.791
2011-02-22,1037.3759166666666,3766.968
2011-02-23,870.1949166666667,3036.179
2011-02-24,943.7679166666667,3438.346
2011-02-25,880.2610833333333,3197.46
2011-02-26,711.0954166666667,3647.388
2011-02-27,850.5835416666667,2792.942
2011-02-28,1177.6447916666666,3963.015
2011-03-01,1003.9599166666667,3613.631
2011-03-02,1102.9848749999999,3907.787
2011-03-03,850.2595416666665,2799.553
2011-03-04,1042.848208333333,3771.973
2011-03-05,1032.330125,3901.404
2011-03-06,1010.9860833333333,3212.127
2011-03-07,1061.4002083333332,3789.959
2011-03-08,923.6262083333332,3503.332
2011-03-09,567.3495,2327.475
2011-03-10,1045.8719545454549,3441.772
2011-03-11,1100.0711739130434,3292.276
2011-03-12,1040.4660833333332,3677.118
2011-03-13,1159.1177083333332,3805.433
2011-03-14,1095.0022083333333,3824.184
2011-03-15,997.5995454545456,3664.385
2011-03-16,1239.7048636363636,3764.806
2011-03-17,1301.070380952381,3884.341
2011-03-18,1326.382619047619,4357.35
2011-03-19,1129.356565217391,3816.442
2011-03-20,1162.996347826087,3758.974
2011-03-21,1041.3491818181817,3329.193
2011-03-22,1244.0575714285712,3787.588
2011-03-23,1148.2740000000001,3861.693
2011-03-24,926.7658823529412,4383.104
2011-03-25,797.6062173913043,2587.491
2011-03-26,1154.786304347826,3909.852
2011-03-27,815.7356956521741,3062.91
2011-03-28,923.6274090909089,3643.276
2011-03-29,769.4984375,3100.313
2011-03-30,606.7278125,4866.596
2011-03-31,783.9007999999998,3859.409
2011-04-01,964.9443749999999,4800.925
2011-04-02,733.1378124999999,3835.721
2011-04-03,900.2336666666667,4552.624
2011-04-04,715.7955625000001,3228.586
2011-04-05,732.3236153846153,2561.529
2011-04-06,666.739,3967.557
2011-04-07,880.5328421052633,4599.587
2011-04-08,674.9326,3092.72
2011-04-09,464.7324374999999,1465.28
2011-04-10,376.29517647058816,1316.847
2011-04-11,1155.4922727272728,4714.985
2011-04-12,328.3598125,1178.649
2011-04-13,901.4339285714286,3432.335
2011-04-14,945.6821250000002,3883.561
2011-04-15,1119.0107857142857,4693.756
2011-04-16,1087.7099333333333,3701.924
2011-04-17,725.6457647058824,4804.265
2011-04-18,570.0038571428571,2511.457
2011-04-19,210.84935294117645,1151.785
2011-04-20,787.604625,3611.063
2011-04-21,511.6475294117648,2885.018
2011-04-22,920.3704666666667,4813.069
2011-04-23,837.8157857142858,3445.523
2011-04-24,422.7528000000001,3084.472
2011-04-25,721.8176111111111,3505.672
2011-04-26,1036.624,3636.388
2011-04-27,705.9517500000002,2502.976
2011-04-28,854.9844999999998,2992.805
2011-04-29,816.8300666666667,4767.885
2011-04-30,830.9880625,2809.509
2011-05-01,1060.8537333333334,4789.002
2011-05-02,587.6762857142857,2532.61
2011-05-03,293.2427857142857,1145.108
2011-05-04,1004.7223076923076,4172.315
2011-05-05,679.9711999999998,3211.62
2011-05-06,1201.9836470588234,4825.943
2011-05-07,865.3222352941177,4594.407
2011-05-08,913.6578823529412,3761.624
2011-05-09,556.8469375,2694.088
2011-05-10,684.96155,3314.016
2011-05-11,795.6912500000001,4341.148
2011-05-12,875.2222105263158,3712.747
2011-05-13,996.0810624999999,4590.954
2011-05-14,566.37455,2631.966
2011-05-15,363.06633333333326,1745.174
2011-05-16,611.4952631578949,2976.856
2011-05-17,1088.7874705882352,4427.919
2011-05-18,846.1028333333333,3181.014
2011-05-19,517.9761764705881,3600.057
2011-05-20,1137.5665333333334,4802.738
2011-05-21,588.2364285714285,2510.648
2011-05-22,996.8786428571428,3495.685
2011-05-23,517.3205,2503.116
2011-05-24,1023.6310000000002,4529.001
2011-05-25,939.6830666666666,3476.998
2011-05-26,996.4024444444442,2977.428
2011-05-27,812.4829230769229,3194.316
2011-05-28,864.3845,3121.471
2011-05-29,546.6648571428572,3005.343
2011-05-30,1060.8950666666667,3463.697
2011-05-31,910.281625,3124.394
2011-06-01,614.0292142857141,4351.29
2011-06-02,1042.1360666666667,4355.903
2011-06-03,992.2576666666669,4026.806
2011-06-04,774.7245,3297.254
2011-06-05,727.3968125,3247.3
2011-06-06,724.699294117647,4464.619
2011-06-07,556.255375,1687.211
2011-06-08,759.758588235294,3669.762
2011-06-09,349.32105882352937,1324.79
2011-06-10,1246.0845333333334,4746.96
2011-06-11,1069.164,3619.505
2011-06-12,937.3598461538461,4842.748
2011-06-13,834.7420714285714,3210.757
2011-06-14,644.9512857142856,3769.108
2011-06-15,610.0738461538461,3676.609
2011-06-16,534.8736666666667,2646.071
2011-06-17,789.6714374999999,3628.195
2011-06-18,800.1738124999999,4473.799
2011-06-19,918.0059375,3563.816
2011-06-20,1033.67625,3676.611
2011-06-21,748.6736666666668,3826.728
2011-06-22,783.5884000000002,2827.28
2011-06-23,987.0408461538462,3344.15
2011-06-24,574.0705,1617.147
2011-06-25,763.2758333333335,2494.636
2011-06-26,1121.709866666667,4301.381
2011-06-27,594.7514,2040.606
2011-06-28,770.1066111111111,3747.271
2011-06-29,374.6565,1726.83
2011-06-30,1258.8042499999997,4347.187
2011-07-01,965.1584117647054,3197.594
2011-07-02,429.2082777777778,3019.341
2011-07-03,811.3582666666667,2830.77
2011-07-04,768.4975499999998,4840.36
2011-07-05,272.31394117647056,2037.346
2011-07-06,657.3771666666668,3387.657
2011-07-07,567.2147333333334,1833.253
2011-07-08,927.4784444444443,3967.845
2011-07-09,738.7792352941176,4141.193
2011-07-10,739.0350000000001,3161.563
2011-07-11,492.8284117647059,2480.595
2011-07-12,390.99300000000005,1452.878
2011-07-13,716.2747777777777,4306.897
2011-07-14,693.823,2653.515
2011-07-15,611.5077500000001,4238.686
2011-07-16,396.1755555555555,2141.841
2011-07-17,542.1921764705884,1498.712
2011-07-18,923.1533333333333,4082.831
2011-07-19,631.4626111111113,3811.848
2011-07-20,960.3137368421051,4464.437
2011-07-21,1214.2533888888888,3479.271
2011-07-22,1106.5033750000002,4309.759
2011-07-23,754.5571428571428,3286.475
2011-07-24,1142.615923076923,4487.528
2011-07-25,989.5660000000001,4875.631
2011-07-26,1106.5500769230769,4878.213
2011-07-27,902.7106666666666,4783.821
2011-07-28,699.2417692307691,3200.513
2011-07-29,714.3636428571428,4664.465
2011-07-30,1021.4137142857141,3578.461
2011-07-31,714.6491764705883,2648.493
2011-08-01,649.850846153846,4427.614
2011-08-02,806.4222307692307,4472.202
2011-08-03,839.2310833333331,3589.828
2011-08-04,1136.9190714285712,4673.202
2011-08-05,1027.708,4884.305
2011-08-06,1037.830083333333,4784.199
2011-08-07,803.3335454545454,4083.084
2011-08-08,826.1403333333334,3729.135
2011-08-09,1063.6053333333334,3846.713
2011-08-10,805.0929166666668,4349.077
2011-08-11,947.5909999999999,4597.148
2011-08-12,766.3454375000001,4154.103
2011-08-13,740.5358571428573,3913.045
2011-08-14,538.3896111111112,2977.525
2011-08-15,960.9923888888887,4158.943
2011-08-16,755.7936923076923,4673.703
2011-08-17,913.1873571428571,4660.09
2011-08-18,1157.5694285714285,4717.262
2011-08-19,843.3194285714286,3957.705
2011-08-20,1121.3595625,3338.19
2011-08-21,688.1,3266.544
2011-08-22,662.9594666666667,3907.821
2011-08-23,717.200909090909,3827.786
2011-08-24,760.8143076923077,4382.947
2011-08-25,678.1438571428571,3300.785
2011-08-26,892.5364615384616,4234.895
2011-08-27,705.8179285714285,4837.858
2011-08-28,781.4838461538461,4706.479
2011-08-29,351.6982307692307,2330.467
2011-08-30,1012.4126666666671,3435.023
2011-08-31,897.7040833333334,3020.305
2011-09-01,931.6172499999999,3315.922
2011-09-02,938.0396249999999,3335.691
2011-09-03,856.4162916666666,3047.292
2011-09-04,867.2585833333331,2998.538
2011-09-05,888.7852499999999,3349.748
2011-09-06,1014.7561666666666,3611.667
2011-09-07,830.3639999999999,3172.104
2011-09-08,923.2545,3571.734
2011-09-09,1039.5493333333332,3537.939
2011-09-10,918.9114583333335,3380.295
2011-09-11,1015.7223750000002,3448.363
2011-09-12,951.7399583333331,3350.068
2011-09-13,772.1264583333333,2621.775
2011-09-14,874.4627083333334,3501.874
2011-09-15,709.9105416666666,3095.788
2011-09-16,934.7782083333333,3071.41
2011-09-17,944.6315416666666,3445.453
2011-09-18,976.0949583333332,3565.488
2011-09-19,978.2479583333334,3134.163
2011-09-20,1061.6781666666666,3667.512
2011-09-21,865.4969999999998,3274.559
2011-09-22,738.4732083333332,2743.268
2011-09-23,758.755,2951.907
2011-09-24,872.2275,3498.178
2011-09-25,1078.3134166666666,3657.278
2011-09-26,911.9965833333334,3147.341
2011-09-27,966.4989583333332,3491.926
2011-09-28,949.9971666666665,3407.995
2011-09-29,1047.2577916666667,3726.721
2011-09-30,760.3495833333333,2854.991
2011-10-01,933.1294583333333,3132.681
2011-10-02,914.7750416666668,3311.49
2011-10-03,1000.1345833333331,3514.845
2011-10-04,752.5514166666668,2673.407
2011-10-05,930.783291666667,3382.129
2011-10-06,1051.4000833333337,3823.764
2011-10-07,1116.40725,3735.783
2011-10-08,1068.1840416666666,3966.452
2011-10-09,1046.1512916666666,3838.486
2011-10-10,763.7775416666667,2561.315
2011-10-11,1057.4049166666666,3467.328
2011-10-12,830.6062916666668,3414.162
2011-10-13,990.2227916666666,3402.163
2011-10-14,877.8217916666666,3276.72
2011-10-15,718.5721666666667,3446.277
2011-10-16,675.9520833333335,2450.911
2011-10-17,1072.3701250000001,3625.445
2011-10-18,1042.0952499999999,3883.634
2011-10-19,457.08625000000006,2038.09
2011-10-20,749.444333333333,2698.078
2011-10-21,904.5102499999999,3562.861
2011-10-22,954.7777083333332,3405.93
2011-10-23,895.8414583333333,3502.511
2011-10-24,951.9150833333334,3748.409
2011-10-25,1031.5696249999999,3826.101
2011-10-26,1129.6589166666665,4010.752
2011-10-27,873.4647083333333,2898.372
2011-10-28,1049.1980416666668,3947.99
2011-10-29,676.9872083333332,2636.718
2011-10-30,899.9479583333333,3139.823
2011-10-31,1084.8100833333335,3967.558
2011-11-01,1066.1072916666667,3912.203
2011-11-02,1099.1959583333332,3714.115
2011-11-03,906.0193750000002,2972.63
2011-11-04,981.8248749999999,3610.271
2011-11-05,978.9273749999999,3582.433
2011-11-06,971.9133333333333,3143.301
2011-11-07,865.9082916666666,3290.939
2011-11-08,1052.849375,3322.082
2011-11-09,845.1492083333333,3891.483
2011-11-10,954.7277499999997,3407.412
2011-11-11,718.4695,2401.226
2011-11-12,981.0671249999999,3218.859
2011-11-13,915.2687499999998,3493.673
2011-11-14,1008.9336666666667,3546.933
2011-11-15,1045.751125,3736.538
2011-11-16,1087.1655416666667,3923.275
2011-11-17,1064.81525,3767.523
2011-11-18,829.625,3610.685
2011-11-19,1001.6545833333333,3430.18
2011-11-20,985.9689583333333,3458.514
2011-11-21,1113.7414583333332,3889.07
2011-11-22,917.8572083333333,3257.775
2011-11-23,825.0103333333333,3345.766
2011-11-24,785.4413749999999,3126.393
2011-11-25,1052.3022916666666,3665.902
2011-11-26,1029.3754999999999,3642.366
2011-11-27,728.6847083333336,2576.268
2011-11-28,597.5347083333335,2354.54
2011-11-29,1051.257875,3349.355
2011-11-30,888.668875,2944.823
2011-12-01,973.5910416666666,3267.561
2011-12-02,976.5086249999998,3824.646
2011-12-03,1140.8998333333334,3754.297
2011-12-04,986.3602916666667,3432.455
2011-12-05,862.5591249999999,3078.721
2011-12-06,1039.8441666666668,3346.787
2011-12-07,1144.917083333333,3656.943
2011-12-08,1048.9570833333335,3634.262
2011-12-09,958.1659583333332,3450.048
2011-12-10,837.5888749999999,3097.601
2011-12-11,970.7384166666666,3403.486
2011-12-12,989.7516666666666,3348.79
2011-12-13,1040.3553749999999,3887.685
2011-12-14,947.0343333333332,3740.871
2011-12-15,917.1526250000001,2919.895
2011-12-16,982.1733333333335,3369.368
2011-12-17,1014.6542916666666,3445.474
2011-12-18,1033.6856666666665,3514.748
2011-12-19,1047.8119583333335,3354.849
2011-12-20,877.6065416666665,2913.783
2011-12-21,754.7561666666666,2415.621
2011-12-22,993.4535000000001,3547.243
2011-12-23,785.0147083333331,2817.695
2011-12-24,934.5873749999997,3307.784
2011-12-25,795.7939583333335,3176.619
2011-12-26,985.4990000000001,3501.426
2011-12-27,847.2052916666665,3605.507
2011-12-28,1129.8200833333333,3747.006
2011-12-29,1111.0503333333334,3621.363
2011-12-30,699.690125,2635.118
2011-12-31,782.0865833333334,2677.851
2012-01-01,889.5673333333333,3978.044
2012-01-02,1112.56175,3523.728
2012-01-03,718.9270833333331,2439.695
2012-01-04,741.8377499999998,2505.943
2012-01-05,1003.936,3907.643
2012-01-06,1079.3579583333333,3767.395
2012-01-07,806.0172916666667,2917.795
2012-01-08,871.8999999999997,3547.053
2012-01-09,923.2402499999998,3017.572
2012-01-10,970.676625,3839.072
2012-01-11,645.8347083333332,2696.95
2012-01-12,865.0830833333331,2750.558
2012-01-13,899.5475833333334,3166.72
2012-01-14,940.9488333333334,3341.268
2012-01-15,1002.6957499999999,3676.894
2012-01-16,903.6059166666668,3926.374
2012-01-17,854.0150416666669,3045.106
2012-01-18,556.5835416666665,2347.691
2012-01-19,375.0722083333333,2167.5
2012-01-20,792.3083333333333,2923.045
2012-01-21,511.70054166666677,2716.105
2012-01-22,325.87100000000004,1144.348
2012-01-23,490.0424583333333,2388.611
2012-01-24,760.3337499999999,3294.427
2012-01-25,831.0390416666665,2789.992
2012-01-26,1032.8442499999999,3634.707
2012-01-27,815.9292083333333,2868.376
2012-01-28,1137.2658333333334,3859.478
2012-01-29,926.88825,3401.48
2012-01-30,935.0240833333332,3223.326
2012-01-31,923.6159166666665,3139.747
2012-02-01,1061.5062916666666,3759.629
2012-02-02,725.6545833333334,2583.148
2012-02-03,934.0844583333333,3556.057
2012-02-04,983.2708333333331,3261.643
2012-02-05,903.1788333333333,3456.118
2012-02-06,814.1979166666666,3511.391
2012-02-07,1076.0167916666667,3658.946
2012-02-08,1131.7167083333331,3769.215
2012-02-09,1077.7176818181817,3739.385
2012-02-10,1497.7056923076923,2738.063
2012-02-11,1637.1916923076924,2987.118
2012-02-12,1340.1652307692307,2835.854
2012-02-13,406.365,995.928
2012-02-14,,
2012-02-15,,
2012-02-16,,
2012-02-17,,
2012-02-18,,
2012-02-19,,
2012-02-20,,
2012-02-21,,
2012-02-22,,
2012-02-23,,
2012-02-24,,
2012-02-25,,
2012-02-26,,
2012-02-27,,
2012-02-28,,
2012-02-29,,
2012-03-01,,
2012-03-02,,
2012-03-03,,
2012-03-04,,
2012-03-05,,
2012-03-06,,
2012-03-07,,
2012-03-08,,
2012-03-09,,
2012-03-10,,
2012-03-11,,
2012-03-12,,
2012-03-13,,
2012-03-14,,
2012-03-15,,
2012-03-16,,
2012-03-17,,
2012-03-18,,
2012-03-19,,
2012-03-20,,
2012-03-21,,
2012-03-22,,
2012-03-23,,
2012-03-24,,
2012-03-25,,
2012-03-26,,
2012-03-27,,
2012-03-28,,
2012-03-29,,
2012-03-30,,
2012-03-31,,
2012-04-01,,
2012-04-02,,
2012-04-03,,
2012-04-04,,
2012-04-05,,
2012-04-06,,
2012-04-07,,
2012-04-08,,
2012-04-09,,
2012-04-10,,
2012-04-11,,
2012-04-12,,
2012-04-13,,
2012-04-14,,
2012-04-15,,
2012-04-16,,
2012-04-17,,
2012-04-18,,
2012-04-19,,
2012-04-20,,
2012-04-21,,
2012-04-22,,
2012-04-23,,
2012-04-24,,
2012-04-25,,
2012-04-26,,
2012-04-27,,
2012-04-28,,
2012-04-29,,
2012-04-30,,
2012-05-01,,
2012-05-02,,
2012-05-03,,
2012-05-04,,
2012-05-05,,
2012-05-06,,
2012-05-07,,
2012-05-08,,
2012-05-09,,
2012-05-10,,
2012-05-11,,
2012-05-12,,
2012-05-13,,
2012-05-14,,
2012-05-15,,
2012-05-16,,
2012-05-17,,
2012-05-18,,
2012-05-19,,
2012-05-20,,
2012-05-21,,
2012-05-22,,
2012-05-23,,
2012-05-24,,
2012-05-25,,
2012-05-26,,
2012-05-27,,
2012-05-28,,
2012-05-29,,
2012-05-30,,
2012-05-31,,
2012-06-01,,
2012-06-02,,
2012-06-03,,
2012-06-04,,
2012-06-05,,
2012-06-06,,
2012-06-07,,
2012-06-08,,
2012-06-09,,
2012-06-10,,
2012-06-11,,
2012-06-12,,
2012-06-13,,
2012-06-14,,
2012-06-15,,
2012-06-16,,
2012-06-17,,
2012-06-18,,
2012-06-19,,
2012-06-20,,
2012-06-21,,
2012-06-22,,
2012-06-23,,
2012-06-24,,
2012-06-25,,
2012-06-26,,
2012-06-27,,
2012-06-28,,
2012-06-29,,
2012-06-30,,
2012-07-01,,
2012-07-02,,
2012-07-03,,
2012-07-04,,
2012-07-05,,
2012-07-06,,
2012-07-07,,
2012-07-08,,
2012-07-09,,
2012-07-10,,
2012-07-11,,
2012-07-12,,
2012-07-13,,
2012-07-14,,
2012-07-15,,
2012-07-16,,
2012-07-17,,
2012-07-18,,
2012-07-19,,
2012-07-20,,
2012-07-21,,
2012-07-22,,
2012-07-23,,
2012-07-24,,
2012-07-25,,
2012-07-26,,
2012-07-27,,
2012-07-28,,
2012-07-29,,
2012-07-30,,
2012-07-31,,
2012-08-01,,
2012-08-02,,
2012-08-03,,
2012-08-04,,
2012-08-05,,
2012-08-06,,
2012-08-07,,
2012-08-08,,
2012-08-09,,
2012-08-10,,
2012-08-11,,
2012-08-12,,
2012-08-13,,
2012-08-14,,
2012-08-15,,
2012-08-16,,
2012-08-17,,
2012-08-18,,
2012-08-19,,
2012-08-20,,
2012-08-21,,
2012-08-22,,
2012-08-23,,
2012-08-24,,
2012-08-25,,
2012-08-26,,
2012-08-27,,
2012-08-28,,
2012-08-29,,
2012-08-30,,
2012-08-31,,
2012-09-01,,
2012-09-02,,
2012-09-03,,
2012-09-04,,
2012-09-05,,
2012-09-06,,
2012-09-07,,
2012-09-08,,
2012-09-09,,
2012-09-10,,
2012-09-11,,
2012-09-12,,
2012-09-13,,
2012-09-14,,
2012-09-15,,
2012-09-16,,
2012-09-17,,
2012-09-18,,
2012-09-19,,
2012-09-20,,
2012-09-21,,
2012-09-22,,
2012-09-23,,
2012-09-24,,
2012-09-25,,
2012-09-26,,
2012-09-27,,
2012-09-28,,
2012-09-29,,
2012-09-30,,
2012-10-01,,
2012-10-02,,
2012-10-03,,
2012-10-04,,
2012-10-05,,
2012-10-06,,
2012-10-07,,
2012-10-08,,
2012-10-09,,
2012-10-10,,
2012-10-11,,
2012-10-12,,
2012-10-13,,
2012-10-14,,
2012-10-15,,
2012-10-16,,
2012-10-17,,
2012-10-18,,
2012-10-19,,
2012-10-20,,
2012-10-21,,
2012-10-22,,
2012-10-23,,
2012-10-24,,
2012-10-25,,
2012-10-26,,
2012-10-27,,
2012-10-28,,
2012-10-29,,
2012-10-30,,
2012-10-31,,
2012-11-01,,
2012-11-02,,
2012-11-03,,
2012-11-04,,
2012-11-05,,
2012-11-06,,
2012-11-07,,
2012-11-08,,
2012-11-09,,
2012-11-10,,
2012-11-11,,
2012-11-12,,
2012-11-13,,
2012-11-14,,
2012-11-15,,
2012-11-16,,
2012-11-17,,
2012-11-18,,
2012-11-19,,
2012-11-20,,
2012-11-21,,
2012-11-22,,
2012-11-23,,
2012-11-24,,
2012-11-25,,
2012-11-26,,
2012-11-27,,
2012-11-28,,
2012-11-29,,
2012-11-30,,
2012-12-01,,
2012-12-02,,
2012-12-03,,
2012-12-04,,
2012-12-05,,
2012-12-06,,
2012-12-07,,
2012-12-08,,
2012-12-09,,
2012-12-10,218.07480000000004,677.519
2012-12-11,1094.3715416666666,3708.583
2012-12-12,1094.6584583333333,3594.284
2012-12-13,1025.0352499999997,3535.54
2012-12-14,1052.2807083333335,3561.706
2012-12-15,809.6766666666667,3075.681
2012-12-16,934.0262916666667,3577.763
2012-12-17,1034.1149166666667,3665.647
2012-12-18,1027.1352083333334,3574.86
2012-12-19,1065.3965833333334,3717.807
2012-12-20,1133.9485833333335,3824.946
2012-12-21,1102.8425416666666,3664.396
2012-12-22,988.4847500000001,3488.834
2012-12-23,1040.4337083333332,3651.993
2012-12-24,959.1067916666665,3814.546
2012-12-25,1132.0524583333333,3840.151
2012-12-26,1063.6228333333331,3721.047
2012-12-27,1040.1759583333335,3516.406
2012-12-28,1085.819833333333,3689.476
2012-12-29,1080.8785833333332,3795.105
2012-12-30,1061.6011666666666,3775.161
2012-12-31,1000.4225833333331,3778.06
2013-01-01,765.20325,2958.287
2013-01-02,708.941375,3521.47
2013-01-03,972.17375,3695.801
2013-01-04,961.5015833333333,3452.971
2013-01-05,1017.9312500000001,3893.586
2013-01-06,1109.7192916666665,3757.192
2013-01-07,1096.5275000000001,3658.012
2013-01-08,1017.8001666666665,3337.876
2013-01-09,1071.9491666666668,3938.307
2013-01-10,1127.0579166666664,3815.377
2013-01-11,1009.5560833333333,3389.378
2013-01-12,859.1497500000002,3441.524
2013-01-13,942.70775,3447.122
2013-01-14,841.9631249999999,3371.288
2013-01-15,992.5859583333335,3464.16
2013-01-16,912.1573333333336,3939.124
2013-01-17,1050.5094583333334,3282.039
2013-01-18,970.27675,3226.642
2013-01-19,949.5392500000002,3325.688
2013-01-20,956.9040833333333,3510.274
2013-01-21,967.9100833333333,3685.667
2013-01-22,1142.8471249999998,3826.021
2013-01-23,1072.6548333333333,3745.358
2013-01-24,1124.7623333333333,3758.074
2013-01-25,1157.4050833333333,3790.386
2013-01-26,1063.4116666666666,3512.776
2013-01-27,1100.6305416666667,3787.946
2013-01-28,1163.734083333333,3973.563
2013-01-29,1125.0046250000003,3771.111
2013-01-30,1100.823125,3488.53
2013-01-31,1142.8898333333332,3962.801
2013-02-01,1079.6604166666668,3599.637
2013-02-02,1045.5304583333334,3560.352
2013-02-03,1047.2162916666666,3741.739
2013-02-04,1096.8842499999998,3813.985
2013-02-05,1176.3950416666669,3865.379
2013-02-06,1119.3944166666665,3651.407
2013-02-07,1145.1539583333333,3824.894
2013-02-08,1044.1470416666666,3669.246
2013-02-09,1046.3049583333334,3736.1
2013-02-10,794.8734166666667,3090.441
2013-02-11,1104.5250833333332,3752.552
2013-02-12,916.4859166666666,3697.473
2013-02-13,1125.0266666666669,3749.143
2013-02-14,1046.3384583333334,3735.08
2013-02-15,1028.5073750000001,3692.606
2013-02-16,1036.2632083333335,3678.756
2013-02-17,1001.9505416666669,3777.684
2013-02-18,253.85887500000004,1501.111
2013-02-19,978.895583333333,3384.514
2013-02-20,811.3200833333332,3774.947
2013-02-21,822.9052083333335,3183.613
2013-02-22,1037.0992083333333,3695.322
2013-02-23,942.5982083333333,3015.859
2013-02-24,1044.6962499999997,3743.242
2013-02-25,1053.7021666666667,3635.007
2013-02-26,1125.684,3734.511
2013-02-27,1105.6622916666665,3869.374
2013-02-28,1071.1881666666666,3845.407
2013-03-01,996.0543749999998,3741.546
2013-03-02,1033.5132916666666,3545.413
2013-03-03,683.9335833333333,2991.471
2013-03-04,970.5609999999998,3757.485
2013-03-05,960.2447916666666,3462.947
2013-03-06,953.0125416666666,3276.768
2013-03-07,956.5920416666667,3464.943
2013-03-08,768.3926666666666,3219.479
2013-03-09,871.3653749999999,3372.977
2013-03-10,944.0821249999999,3481.895
2013-03-11,1058.9482500000001,3748.04
2013-03-12,1030.6204583333333,3861.229
2013-03-13,1058.9967083333331,3793.747
2013-03-14,1093.7000416666665,3885.444
2013-03-15,980.63825,3709.248
2013-03-16,820.2201249999999,3462.261
2013-03-17,1101.7532916666667,3822.709
2013-03-18,834.5319166666667,4080.099
2013-03-19,1026.1736250000001,3789.607
2013-03-20,1064.1232916666668,3806.477
2013-03-21,1098.28,3798.332
2013-03-22,1122.1415,3883.472
2013-03-23,1125.2925833333334,3900.325
2013-03-24,1151.9678333333331,3849.361
2013-03-25,999.5084583333334,3667.046
2013-03-26,1147.6469166666664,3878.629
2013-03-27,1274.3028095238096,3751.918
2013-03-28,1751.8551111111108,3838.982
2013-03-29,1056.4697916666667,3835.645
2013-03-30,1011.6214166666667,3559.211
2013-03-31,1120.3459166666667,3818.286
2013-04-01,1083.457208333333,3816.208
2013-04-02,518.0274583333334,3410.092
2013-04-03,1050.2377499999998,3932.13
2013-04-04,1043.4747916666668,3680.479
2013-04-05,1089.84825,3781.004
2013-04-06,1019.1303333333334,3579.493
2013-04-07,1082.5385833333332,3670.111
2013-04-08,1085.9996666666668,3581.144
2013-04-09,1069.2779999999998,3754.321
2013-04-10,1027.7849583333334,3351.092
2013-04-11,952.9669166666667,3538.115
2013-04-12,968.1310416666664,3539.656
2013-04-13,968.0728333333332,3633.307
2013-04-14,1022.4004583333332,3664.895
2013-04-15,1016.3521666666667,3518.809
2013-04-16,1050.9736249999999,3806.804
2013-04-17,939.5513333333333,3670.717
2013-04-18,768.9501250000002,3099.004
2013-04-19,843.6130000000002,3594.636
2013-04-20,916.9329583333334,3565.519
2013-04-21,818.1469583333334,3270.405
2013-04-22,965.2824999999999,3578.931
2013-04-23,680.2361249999999,3099.845
2013-04-24,371.36179166666665,1330.458
2013-04-25,1026.9940416666666,3439.966
2013-04-26,971.9285000000001,3419.598
2013-04-27,874.755875,3325.333
2013-04-28,247.13216666666665,961.42
2013-04-29,367.3277916666666,2192.539
2013-04-30,870.1401666666667,3515.503
2013-05-01,872.3892499999998,3327.535
2013-05-02,979.7475833333332,3322.244
2013-05-03,957.8091666666664,3318.06
2013-05-04,927.8261249999999,3418.391
2013-05-05,640.8152083333333,2759.686
2013-05-06,896.8487499999998,3414.803
2013-05-07,940.9041666666668,3438.011
2013-05-08,792.7244583333332,2978.063
2013-05-09,858.2892499999998,2733.544
2013-05-10,848.1123333333331,3117.073
2013-05-11,874.7547083333334,3173.851
2013-05-12,946.7216666666668,3410.894
2013-05-13,688.6344166666667,2697.064
2013-05-14,852.4004166666665,3208.904
2013-05-15,868.052125,3079.059
2013-05-16,830.0262499999999,3320.3
2013-05-17,273.834,1830.454
2013-05-18,629.1977916666666,2866.949
2013-05-19,869.1543333333333,3218.38
2013-05-20,981.8038333333333,3350.12
2013-05-21,965.7950416666666,3332.682
2013-05-22,920.3657499999998,3340.865
2013-05-23,678.1585,2595.471
2013-05-24,491.3443749999999,2785.231
2013-05-25,718.3088333333332,2999.834
2013-05-26,770.6450416666667,3097.739
2013-05-27,887.2039583333334,3170.456
2013-05-28,852.8492083333332,3196.97
2013-05-29,941.5663333333333,3280.96
2013-05-30,889.4834999999998,3021.288
2013-05-31,931.0160416666666,3245.345
2013-06-01,953.6144583333335,3272.739
2013-06-02,776.4428750000002,3299.935
2013-06-03,937.8910416666664,3190.328
2013-06-04,446.50808333333333,2117.181
2013-06-05,738.3805416666664,2894.228
2013-06-06,917.5097916666665,3271.37
2013-06-07,950.8862083333332,3281.918
2013-06-08,663.0641250000001,2729.883
2013-06-09,426.20841666666666,1879.163
2013-06-10,908.5372083333333,3090.989
2013-06-11,711.5190833333332,3177.629
2013-06-12,398.03366666666665,2045.435
2013-06-13,415.5847083333333,2190.036
2013-06-14,810.4439999999998,3285.586
2013-06-15,936.8532083333333,3197.384
2013-06-16,597.6762500000001,2936.812
2013-06-17,590.2722000000001,3170.136
2013-06-18,-3.54,-3.54
2013-06-19,,
2013-06-20,,
2013-06-21,,
2013-06-22,,
2013-06-23,,
2013-06-24,,
2013-06-25,,
2013-06-26,,
2013-06-27,,
2013-06-28,,
2013-06-29,,
2013-06-30,,
2013-07-01,,
2013-07-02,,
2013-07-03,,
2013-07-04,,
2013-07-05,,
2013-07-06,,
2013-07-07,,
2013-07-08,,
2013-07-09,,
2013-07-10,,
2013-07-11,,
2013-07-12,,
2013-07-13,,
2013-07-14,,
2013-07-15,1590.5522999999998,4220.08
2013-07-16,552.3116666666666,2573.676
2013-07-17,792.3729166666668,3113.901
2013-07-18,643.2435833333334,2780.13
2013-07-19,872.5855416666667,3385.11
2013-07-20,418.9804583333333,1719.488
2013-07-21,338.51624999999996,1431.313
2013-07-22,948.6151666666665,3341.237
2013-07-23,996.8129999999998,3380.56
2013-07-24,830.7365416666668,3146.71
2013-07-25,913.8973749999999,3324.088
2013-07-26,406.3095217391303,1607.737
2013-07-27,866.8202916666668,3202.689
2013-07-28,931.2515416666665,3405.379
2013-07-29,776.2053333333332,3263.918
2013-07-30,323.30641666666673,1092.016
2013-07-31,570.4248749999998,2083.373
2013-08-01,862.4041666666666,3241.871
2013-08-02,995.8462499999999,3431.783
2013-08-03,832.4205000000001,3398.474
2013-08-04,976.6285833333332,3471.675
2013-08-05,760.8102083333332,3349.593
2013-08-06,842.0284999999998,2846.312
2013-08-07,935.6301666666665,3406.251
2013-08-08,886.9264166666666,3425.923
2013-08-09,979.2359166666665,3443.906
2013-08-10,898.0292916666666,3437.994
2013-08-11,1012.6347916666667,3513.504
2013-08-12,996.1450000000001,3407.502
2013-08-13,1011.1710833333332,3374.952
2013-08-14,334.36420833333335,1410.948
2013-08-15,964.7149166666667,3544.844
2013-08-16,811.0044999999999,2762.212
2013-08-17,918.531,3486.428
2013-08-18,280.85420833333336,1095.97
2013-08-19,801.1332500000002,2987.297
2013-08-20,851.175625,3295.334
2013-08-21,1036.9531666666667,3498.985
2013-08-22,908.2398333333332,3560.755
2013-08-23,998.2213333333333,3586.583
2013-08-24,931.1484999999998,3312.231
2013-08-25,627.4295,2463.672
2013-08-26,929.2182916666666,3403.069
2013-08-27,971.960208333333,3429.515
2013-08-28,829.45575,3258.534
2013-08-29,507.2910416666667,2436.761
2013-08-30,358.1944999999999,1262.252
2013-08-31,427.1682083333335,2156.346
2013-09-01,841.70025,3199.759
2013-09-02,1021.9322083333335,3505.703
2013-09-03,612.8313333333332,3124.346
2013-09-04,913.1980833333332,3495.6
2013-09-05,1033.015791666667,3584.212
2013-09-06,1055.3369166666666,3591.03
2013-09-07,981.7002916666667,3455.536
2013-09-08,960.8444166666667,3230.654
2013-09-09,983.4163333333331,3714.122
2013-09-10,677.7085000000001,2848.28
2013-09-11,1116.621375,3740.254
2013-09-12,711.7964166666667,3749.798
2013-09-13,878.5958333333332,3382.959
2013-09-14,850.7512500000001,3497.744
2013-09-15,1051.3300833333335,3659.839
2013-09-16,1001.4975833333333,3736.338
2013-09-17,971.2719583333336,3319.924
2013-09-18,916.6046666666665,3502.787
2013-09-19,947.6085833333333,3646.451
2013-09-20,874.3879583333332,3575.212
2013-09-21,727.7081250000001,3345.432
2013-09-22,1069.1150833333331,3683.485
2013-09-23,1059.0172499999999,3705.498
2013-09-24,568.8137916666667,2638.052
2013-09-25,1085.354,3734.249
2013-09-26,921.0111666666667,3562.761
2013-09-27,787.4888749999999,3024.342
2013-09-28,929.4255416666666,3703.185
2013-09-29,1020.7178333333333,3217.353
2013-09-30,1020.6595000000001,3481.76
2013-10-01,901.6930833333332,3650.949
2013-10-02,1058.2530416666664,3852.229
2013-10-03,1103.2922916666669,3766.389
2013-10-04,896.3071249999999,3863.931
2013-10-05,1089.778,3732.477
2013-10-06,1080.290625,3740.098
2013-10-07,977.6153333333332,3481.633
2013-10-08,961.4736250000001,3602.626
2013-10-09,967.8672916666668,3591.978
2013-10-10,1129.5149583333332,3770.763
2013-10-11,1107.6265833333334,3899.16
2013-10-12,903.0784583333334,3786.112
2013-10-13,995.6942916666667,3342.271
2013-10-14,889.1829583333333,3596.993
2013-10-15,963.2815833333334,3778.829
2013-10-16,998.9677500000001,3599.317
2013-10-17,974.1674166666666,3696.766
2013-10-18,1069.7063750000002,3540.628
2013-10-19,1056.4250833333333,3624.721
2013-10-20,1097.8438749999998,3784.758
2013-10-21,1100.307,3643.786
2013-10-22,1117.4312916666665,3857.368
2013-10-23,1072.7867083333333,3554.94
2013-10-24,801.3986666666665,3304.999
2013-10-25,691.4722083333335,3300.411
2013-10-26,708.2510416666665,3040.643
2013-10-27,1072.81775,3649.856
2013-10-28,1006.2853749999999,3749.495
2013-10-29,1085.2196666666666,3839.258
2013-10-30,1031.3707916666665,3769.794
2013-10-31,1067.404958333333,3448.507
2013-11-01,801.2320416666666,3495.159
2013-11-02,1008.1157083333333,3731.54
2013-11-03,986.5610416666667,3545.871
2013-11-04,922.8632916666666,3236.356
2013-11-05,954.21875,3750.639
2013-11-06,1120.4094583333333,3749.902
2013-11-07,984.0895833333333,3463.781
2013-11-08,878.5570000000001,3044.19
2013-11-09,1043.345375,3696.573
2013-11-10,1015.3200833333332,3728.758
2013-11-11,1068.9382916666666,3720.116
2013-11-12,1134.9566666666667,3755.682
2013-11-13,1069.5639166666667,3622.342
2013-11-14,1105.4818750000002,3749.56
2013-11-15,1144.6485,3635.655
2013-11-16,989.4625833333334,3696.787
2013-11-17,883.8831249999998,3437.353
2013-11-18,1122.88825,3629.223
2013-11-19,925.2249583333333,3504.221
2013-11-20,1103.0124583333334,3571.71
2013-11-21,684.2701666666667,3016.879
2013-11-22,783.8336666666665,3247.152
2013-11-23,887.0175833333332,2901.495
2013-11-24,897.22275,3783.182
2013-11-25,1040.0020416666664,3476.614
2013-11-26,1129.9477916666667,3803.737
2013-11-27,1124.0014999999999,3708.097
2013-11-28,1124.8297083333332,3758.274
2013-11-29,1104.5975416666668,3432.251
2013-11-30,966.9336666666663,3748.964
2013-12-01,1095.2459999999999,3691.196
2013-12-02,1126.9664583333333,3622.215
2013-12-03,1138.8854999999996,3749.312
2013-12-04,1094.1427083333333,3724.901
2013-12-05,1033.992375,3773.8
2013-12-06,968.4727083333332,3548.615
2013-12-07,1067.4926666666668,3731.395
2013-12-08,999.1354166666665,3664.651
2013-12-09,1128.5177916666667,3690.937
2013-12-10,1146.0319583333333,3770.746
2013-12-11,1135.2323333333331,3798.938
2013-12-12,1112.7627916666663,3666.536
2013-12-13,1036.7792083333331,3526.813
2013-12-14,996.2341666666666,3621.115
2013-12-15,946.5578333333332,3556.56
2013-12-16,1092.3174583333332,3669.263
2013-12-17,500.4679999999999,3212.864
2013-12-18,672.2347083333333,3429.159
2013-12-19,562.4495,2266.118
2013-12-20,540.2011666666666,2203.831
2013-12-21,1007.2323749999997,3653.875
2013-12-22,870.1959583333332,3633.549
2013-12-23,991.7165833333333,3468.893
2013-12-24,927.3387499999999,3507.258
2013-12-25,1029.2920416666666,3638.912
2013-12-26,1015.5416666666666,3357.207
2013-12-27,927.3937500000001,3239.878
2013-12-28,985.1624166666666,3567.925
2013-12-29,969.3135833333334,3633.811
2013-12-30,1093.608958333333,3498.73
2013-12-31,1098.3006666666668,3716.604
